-- MySQL dump 10.13  Distrib 5.6.16, for Win64 (x86_64)
--
-- Host: localhost    Database: pgadmissions
-- ------------------------------------------------------
-- Server version	5.6.16-log

/*!40101 SET @OLD_CHARACTER_SET_CLIENT=@@CHARACTER_SET_CLIENT */;
/*!40101 SET @OLD_CHARACTER_SET_RESULTS=@@CHARACTER_SET_RESULTS */;
/*!40101 SET @OLD_COLLATION_CONNECTION=@@COLLATION_CONNECTION */;
/*!40101 SET NAMES utf8 */;
/*!40103 SET @OLD_TIME_ZONE=@@TIME_ZONE */;
/*!40103 SET TIME_ZONE='+00:00' */;
/*!40014 SET @OLD_UNIQUE_CHECKS=@@UNIQUE_CHECKS, UNIQUE_CHECKS=0 */;
/*!40014 SET @OLD_FOREIGN_KEY_CHECKS=@@FOREIGN_KEY_CHECKS, FOREIGN_KEY_CHECKS=0 */;
/*!40101 SET @OLD_SQL_MODE=@@SQL_MODE, SQL_MODE='NO_AUTO_VALUE_ON_ZERO' */;
/*!40111 SET @OLD_SQL_NOTES=@@SQL_NOTES, SQL_NOTES=0 */;

--
-- Dumping data for table `state`
--

LOCK TABLES `state` WRITE;
/*!40000 ALTER TABLE `state` DISABLE KEYS */;
INSERT INTO `state` (`id`, `parent_state_id`, `scope_id`) VALUES ('APPLICATION_APPROVAL','APPLICATION_APPROVAL','APPLICATION'),('APPLICATION_APPROVAL_PENDING_COMPLETION','APPLICATION_APPROVAL','APPLICATION'),('APPLICATION_APPROVAL_PENDING_FEEDBACK','APPLICATION_APPROVAL','APPLICATION'),('APPLICATION_APPROVED','APPLICATION_APPROVED','APPLICATION'),('APPLICATION_APPROVED_COMPLETED','APPLICATION_APPROVED','APPLICATION'),('APPLICATION_APPROVED_PENDING_CORRECTION','APPLICATION_APPROVED','APPLICATION'),('APPLICATION_APPROVED_PENDING_EXPORT','APPLICATION_APPROVED','APPLICATION'),('APPLICATION_INTERVIEW','APPLICATION_INTERVIEW','APPLICATION'),('APPLICATION_INTERVIEW_PENDING_AVAILABILITY','APPLICATION_INTERVIEW','APPLICATION'),('APPLICATION_INTERVIEW_PENDING_COMPLETION','APPLICATION_INTERVIEW','APPLICATION'),('APPLICATION_INTERVIEW_PENDING_FEEDBACK','APPLICATION_INTERVIEW','APPLICATION'),('APPLICATION_INTERVIEW_PENDING_INTERVIEW','APPLICATION_INTERVIEW','APPLICATION'),('APPLICATION_INTERVIEW_PENDING_SCHEDULING','APPLICATION_INTERVIEW','APPLICATION'),('APPLICATION_REJECTED','APPLICATION_REJECTED','APPLICATION'),('APPLICATION_REJECTED_COMPLETED','APPLICATION_REJECTED','APPLICATION'),('APPLICATION_REJECTED_PENDING_CORRECTION','APPLICATION_REJECTED','APPLICATION'),('APPLICATION_REJECTED_PENDING_EXPORT','APPLICATION_REJECTED','APPLICATION'),('APPLICATION_REVIEW','APPLICATION_REVIEW','APPLICATION'),('APPLICATION_REVIEW_PENDING_COMPLETION','APPLICATION_REVIEW','APPLICATION'),('APPLICATION_REVIEW_PENDING_FEEDBACK','APPLICATION_REVIEW','APPLICATION'),('APPLICATION_UNSUBMITTED','APPLICATION_UNSUBMITTED','APPLICATION'),('APPLICATION_UNSUBMITTED_PENDING_COMPLETION','APPLICATION_UNSUBMITTED','APPLICATION'),('APPLICATION_VALIDATION','APPLICATION_VALIDATION','APPLICATION'),('APPLICATION_VALIDATION_PENDING_COMPLETION','APPLICATION_VALIDATION','APPLICATION'),('APPLICATION_VALIDATION_PENDING_FEEDBACK','APPLICATION_VALIDATION','APPLICATION'),('APPLICATION_WITHDRAWN','APPLICATION_WITHDRAWN','APPLICATION'),('APPLICATION_WITHDRAWN_COMPLETED','APPLICATION_WITHDRAWN','APPLICATION'),('APPLICATION_WITHDRAWN_PENDING_CORRECTION','APPLICATION_WITHDRAWN','APPLICATION'),('INSTITUTION_APPROVED','INSTITUTION_APPROVED','INSTITUTION'),('PROGRAM_APPROVAL','PROGRAM_APPROVAL','PROGRAM'),('PROGRAM_APPROVAL_PENDING_CORRECTION','PROGRAM_APPROVAL','PROGRAM'),('PROGRAM_APPROVED','PROGRAM_APPROVED','PROGRAM'),('PROGRAM_DEACTIVATED','PROGRAM_APPROVED','PROGRAM'),('PROGRAM_DISABLED','PROGRAM_DISABLED','PROGRAM'),('PROGRAM_DISABLED_COMPLETED','PROGRAM_DISABLED','PROGRAM'),('PROGRAM_DISABLED_PENDING_IMPORT_REACTIVATION','PROGRAM_DISABLED','PROGRAM'),('PROGRAM_DISABLED_PENDING_REACTIVATION','PROGRAM_DISABLED','PROGRAM'),('PROGRAM_REJECTED','PROGRAM_REJECTED','PROGRAM'),('PROGRAM_WITHDRAWN','PROGRAM_WITHDRAWN','PROGRAM'),('PROJECT_APPROVED','PROJECT_APPROVED','PROJECT'),('PROJECT_DEACTIVATED','PROJECT_APPROVED','PROJECT'),('PROJECT_DISABLED','PROJECT_DISABLED','PROJECT'),('PROJECT_DISABLED_COMPLETED','PROJECT_DISABLED','PROJECT'),('PROJECT_DISABLED_PENDING_PROGRAM_REACTIVATION','PROJECT_DISABLED','PROJECT'),('PROJECT_DISABLED_PENDING_REACTIVATION','PROJECT_DISABLED','PROJECT'),('SYSTEM_APPROVED','SYSTEM_APPROVED','SYSTEM');
/*!40000 ALTER TABLE `state` ENABLE KEYS */;
UNLOCK TABLES;

--
-- Dumping data for table `role`
--

LOCK TABLES `role` WRITE;
/*!40000 ALTER TABLE `role` DISABLE KEYS */;
INSERT INTO `role` (`id`, `scope_id`) VALUES ('APPLICATION_ADMINISTRATOR','APPLICATION'),('APPLICATION_CREATOR','APPLICATION'),('APPLICATION_INTERVIEWEE','APPLICATION'),('APPLICATION_INTERVIEWER','APPLICATION'),('APPLICATION_POTENTIAL_INTERVIEWEE','APPLICATION'),('APPLICATION_POTENTIAL_INTERVIEWER','APPLICATION'),('APPLICATION_PRIMARY_SUPERVISOR','APPLICATION'),('APPLICATION_REFEREE','APPLICATION'),('APPLICATION_REVIEWER','APPLICATION'),('APPLICATION_SECONDARY_SUPERVISOR','APPLICATION'),('APPLICATION_SUGGESTED_SUPERVISOR','APPLICATION'),('APPLICATION_VIEWER_RECRUITER','APPLICATION'),('APPLICATION_VIEWER_REFEREE','APPLICATION'),('INSTITUTION_ADMINISTRATOR','INSTITUTION'),('INSTITUTION_ADMITTER','INSTITUTION'),('PROGRAM_ADMINISTRATOR','PROGRAM'),('PROGRAM_APPROVER','PROGRAM'),('PROGRAM_VIEWER','PROGRAM'),('PROJECT_ADMINISTRATOR','PROJECT'),('PROJECT_PRIMARY_SUPERVISOR','PROJECT'),('PROJECT_SECONDARY_SUPERVISOR','PROJECT'),('SYSTEM_ADMINISTRATOR','SYSTEM');
/*!40000 ALTER TABLE `role` ENABLE KEYS */;
UNLOCK TABLES;

--
-- Dumping data for table `system`
--

LOCK TABLES `system` WRITE;
/*!40000 ALTER TABLE `system` DISABLE KEYS */;
INSERT INTO `system` (`id`, `user_id`, `name`, `state_id`) VALUES (1,1024,'PRiSM','SYSTEM_APPROVED');
/*!40000 ALTER TABLE `system` ENABLE KEYS */;
UNLOCK TABLES;

--
-- Dumping data for table `institution_domicile`
--

LOCK TABLES `institution_domicile` WRITE;
/*!40000 ALTER TABLE `institution_domicile` DISABLE KEYS */;
INSERT INTO `institution_domicile` (`id`, `code`, `name`, `enabled`) VALUES (558,'GB','United Kingdom',1),(815,'AF','Afghanistan',1),(816,'AX','Åland Islands',1),(817,'AL','Albania',1),(818,'DZ','Algeria',1),(819,'AS','American Samoa',1),(820,'AD','Andorra',1),(821,'AO','Angola',1),(822,'AI','Anguilla',1),(823,'AQ','Antarctica',1),(824,'AG','Antigua and Barbuda',1),(825,'AR','Argentina',1),(826,'AM','Armenia',1),(827,'AW','Aruba',1),(828,'AU','Australia',1),(829,'AT','Austria',1),(830,'AZ','Azerbaijan',1),(831,'BS','Bahamas',1),(832,'BH','Bahrain',1),(833,'BD','Bangladesh',1),(834,'BB','Barbados',1),(835,'BY','Belarus',1),(836,'BE','Belgium',1),(837,'BZ','Belize',1),(838,'BJ','Benin',1),(839,'BM','Bermuda',1),(840,'BT','Bhutan',1),(841,'BO','Bolivia, Plurinational State of',1),(842,'BQ','Bonaire, Sint Eustatius and Saba',1),(843,'BA','Bosnia and Herzegovina',1),(844,'BW','Botswana',1),(845,'BV','Bouvet Island',1),(846,'BR','Brazil',1),(847,'IO','British Indian Ocean Territory',1),(848,'BN','Brunei Darussalam',1),(849,'BG','Bulgaria',1),(850,'BF','Burkina Faso',1),(851,'BI','Burundi',1),(852,'KH','Cambodia',1),(853,'CM','Cameroon',1),(854,'CA','Canada',1),(855,'CV','Cabo Verde',1),(856,'KY','Cayman Islands',1),(857,'CF','Central African Republic',1),(858,'TD','Chad',1),(859,'CL','Chile',1),(860,'CN','China',1),(861,'CX','Christmas Island',1),(862,'CC','Cocos (Keeling) Islands',1),(863,'CO','Colombia',1),(864,'KM','Comoros',1),(865,'CG','Congo',1),(866,'CD','Congo, the Democratic Republic of the',1),(867,'CK','Cook Islands',1),(868,'CR','Costa Rica',1),(869,'CI','Côte d\'Ivoire',1),(870,'HR','Croatia',1),(871,'CU','Cuba',1),(872,'CW','Curaçao',1),(873,'CY','Cyprus',1),(874,'CZ','Czech Republic',1),(875,'DK','Denmark',1),(876,'DJ','Djibouti',1),(877,'DM','Dominica',1),(878,'DO','Dominican Republic',1),(879,'EC','Ecuador',1),(880,'EG','Egypt',1),(881,'SV','El Salvador',1),(882,'GQ','Equatorial Guinea',1),(883,'ER','Eritrea',1),(884,'EE','Estonia',1),(885,'ET','Ethiopia',1),(886,'FK','Falkland Islands (Malvinas)',1),(887,'FO','Faroe Islands',1),(888,'FJ','Fiji',1),(889,'FI','Finland',1),(890,'FR','France',1),(891,'GF','French Guiana',1),(892,'PF','French Polynesia',1),(893,'TF','French Southern Territories',1),(894,'GA','Gabon',1),(895,'GM','Gambia',1),(896,'GE','Georgia',1),(897,'DE','Germany',1),(898,'GH','Ghana',1),(899,'GI','Gibraltar',1),(900,'GR','Greece',1),(901,'GL','Greenland',1),(902,'GD','Grenada',1),(903,'GP','Guadeloupe',1),(904,'GU','Guam',1),(905,'GT','Guatemala',1),(906,'GG','Guernsey',1),(907,'GN','Guinea',1),(908,'GW','Guinea-Bissau',1),(909,'GY','Guyana',1),(910,'HT','Haiti',1),(911,'HM','Heard Island and McDonald Islands',1),(912,'VA','Holy See (Vatican City State)',1),(913,'HN','Honduras',1),(914,'HK','Hong Kong',1),(915,'HU','Hungary',1),(916,'IS','Iceland',1),(917,'IN','India',1),(918,'ID','Indonesia',1),(919,'IR','Iran, Islamic Republic of',1),(920,'IQ','Iraq',1),(921,'IE','Ireland',1),(922,'IM','Isle of Man',1),(923,'IL','Israel',1),(924,'IT','Italy',1),(925,'JM','Jamaica',1),(926,'JP','Japan',1),(927,'JE','Jersey',1),(928,'JO','Jordan',1),(929,'KZ','Kazakhstan',1),(930,'KE','Kenya',1),(931,'KI','Kiribati',1),(932,'KP','Korea, Democratic People\'s Republic of',1),(933,'KR','Korea, Republic of',1),(934,'KW','Kuwait',1),(935,'KG','Kyrgyzstan',1),(936,'LA','Lao People\'s Democratic Republic',1),(937,'LV','Latvia',1),(938,'LB','Lebanon',1),(939,'LS','Lesotho',1),(940,'LR','Liberia',1),(941,'LY','Libya',1),(942,'LI','Liechtenstein',1),(943,'LT','Lithuania',1),(944,'LU','Luxembourg',1),(945,'MO','Macao',1),(946,'MK','Macedonia, the former Yugoslav Republic of',1),(947,'MG','Madagascar',1),(948,'MW','Malawi',1),(949,'MY','Malaysia',1),(950,'MV','Maldives',1),(951,'ML','Mali',1),(952,'MT','Malta',1),(953,'MH','Marshall Islands',1),(954,'MQ','Martinique',1),(955,'MR','Mauritania',1),(956,'MU','Mauritius',1),(957,'YT','Mayotte',1),(958,'MX','Mexico',1),(959,'FM','Micronesia, Federated States of',1),(960,'MD','Moldova, Republic of',1),(961,'MC','Monaco',1),(962,'MN','Mongolia',1),(963,'ME','Montenegro',1),(964,'MS','Montserrat',1),(965,'MA','Morocco',1),(966,'MZ','Mozambique',1),(967,'MM','Myanmar',1),(968,'NA','Namibia',1),(969,'NR','Nauru',1),(970,'NP','Nepal',1),(971,'NL','Netherlands',1),(972,'NC','New Caledonia',1),(973,'NZ','New Zealand',1),(974,'NI','Nicaragua',1),(975,'NE','Niger',1),(976,'NG','Nigeria',1),(977,'NU','Niue',1),(978,'NF','Norfolk Island',1),(979,'MP','Northern Mariana Islands',1),(980,'NO','Norway',1),(981,'OM','Oman',1),(982,'PK','Pakistan',1),(983,'PW','Palau',1),(984,'PS','Palestine, State of',1),(985,'PA','Panama',1),(986,'PG','Papua New Guinea',1),(987,'PY','Paraguay',1),(988,'PE','Peru',1),(989,'PH','Philippines',1),(990,'PN','Pitcairn',1),(991,'PL','Poland',1),(992,'PT','Portugal',1),(993,'PR','Puerto Rico',1),(994,'QA','Qatar',1),(995,'RE','Réunion',1),(996,'RO','Romania',1),(997,'RU','Russian Federation',1),(998,'RW','Rwanda',1),(999,'BL','Saint Barthélemy',1),(1000,'SH','Saint Helena, Ascension and Tristan da Cunha',1),(1001,'KN','Saint Kitts and Nevis',1),(1002,'LC','Saint Lucia',1),(1003,'MF','Saint Martin (French part)',1),(1004,'PM','Saint Pierre and Miquelon',1),(1005,'VC','Saint Vincent and the Grenadines',1),(1006,'WS','Samoa',1),(1007,'SM','San Marino',1),(1008,'ST','Sao Tome and Principe',1),(1009,'SA','Saudi Arabia',1),(1010,'SN','Senegal',1),(1011,'RS','Serbia',1),(1012,'SC','Seychelles',1),(1013,'SL','Sierra Leone',1),(1014,'SG','Singapore',1),(1015,'SX','Sint Maarten (Dutch part)',1),(1016,'SK','Slovakia',1),(1017,'SI','Slovenia',1),(1018,'SB','Solomon Islands',1),(1019,'SO','Somalia',1),(1020,'ZA','South Africa',1),(1021,'GS','South Georgia and the South Sandwich Islands',1),(1022,'SS','South Sudan',1),(1023,'ES','Spain',1),(1024,'LK','Sri Lanka',1),(1025,'SD','Sudan',1),(1026,'SR','Suriname',1),(1027,'SJ','Svalbard and Jan Mayen',1),(1028,'SZ','Swaziland',1),(1029,'SE','Sweden',1),(1030,'CH','Switzerland',1),(1031,'SY','Syrian Arab Republic',1),(1032,'TW','Taiwan, Province of China',1),(1033,'TJ','Tajikistan',1),(1034,'TZ','Tanzania, United Republic of',1),(1035,'TH','Thailand',1),(1036,'TL','Timor-Leste',1),(1037,'TG','Togo',1),(1038,'TK','Tokelau',1),(1039,'TO','Tonga',1),(1040,'TT','Trinidad and Tobago',1),(1041,'TN','Tunisia',1),(1042,'TR','Turkey',1),(1043,'TM','Turkmenistan',1),(1044,'TC','Turks and Caicos Islands',1),(1045,'TV','Tuvalu',1),(1046,'UG','Uganda',1),(1047,'UA','Ukraine',1),(1048,'AE','United Arab Emirates',1),(1050,'US','United States',1),(1051,'UM','United States Minor Outlying Islands',1),(1052,'UY','Uruguay',1),(1053,'UZ','Uzbekistan',1),(1054,'VU','Vanuatu',1),(1055,'VE','Venezuela, Bolivarian Republic of',1),(1056,'VN','Viet Nam',1),(1057,'VG','Virgin Islands, British',1),(1058,'VI','Virgin Islands, U.S.',1),(1059,'WF','Wallis and Futuna',1),(1060,'EH','Western Sahara',1),(1061,'YE','Yemen',1),(1062,'ZM','Zambia',1),(1063,'ZW','Zimbabwe',1);
/*!40000 ALTER TABLE `institution_domicile` ENABLE KEYS */;
UNLOCK TABLES;

--
-- Dumping data for table `institution`
--

LOCK TABLES `institution` WRITE;
/*!40000 ALTER TABLE `institution` DISABLE KEYS */;
INSERT INTO `institution` (`id`, `user_id`, `system_id`, `institution_domicile_id`, `code`, `name`, `homepage`, `state_id`) VALUES (5243,1024,1,558,'0UCL','University College London','http://www.ucl.ac.uk/','INSTITUTION_APPROVED');
/*!40000 ALTER TABLE `institution` ENABLE KEYS */;
UNLOCK TABLES;

--
-- Dumping data for table `imported_entity_feed`
--

LOCK TABLES `imported_entity_feed` WRITE;
/*!40000 ALTER TABLE `imported_entity_feed` DISABLE KEYS */;
INSERT INTO `imported_entity_feed` (`id`, `institution_id`, `imported_entity_type`, `username`, `password`, `location`) VALUES (1,5243,'PROGRAM','prism','tCP5++Vm','https://swiss.adcom.ucl.ac.uk/studentrefdata/reference/prism/prismProgrammes.xml'),(2,5243,'COUNTRY','reference','wiI2+sZm','https://swiss.adcom.ucl.ac.uk/studentrefdata/reference/countriesOfBirth.xml'),(3,5243,'DOMICILE','reference','wiI2+sZm','https://swiss.adcom.ucl.ac.uk/studentrefdata/reference/countriesOfDomicile.xml'),(4,5243,'DISABILITY','reference','wiI2+sZm','https://swiss.adcom.ucl.ac.uk/studentrefdata/reference/disabilities.xml'),(5,5243,'ETHNICITY','reference','wiI2+sZm','https://swiss.adcom.ucl.ac.uk/studentrefdata/reference/ethnicities.xml'),(6,5243,'NATIONALITY','reference','wiI2+sZm','https://swiss.adcom.ucl.ac.uk/studentrefdata/reference/nationalities.xml'),(7,5243,'QUALIFICATION_TYPE','reference','wiI2+sZm','https://swiss.adcom.ucl.ac.uk/studentrefdata/reference/qualifications.xml'),(8,5243,'REFERRAL_SOURCE','reference','wiI2+sZm','https://swiss.adcom.ucl.ac.uk/studentrefdata/reference/sourcesOfInterest.xml');
/*!40000 ALTER TABLE `imported_entity_feed` ENABLE KEYS */;
UNLOCK TABLES;

--
-- Dumping data for table `notification_template`
--

LOCK TABLES `notification_template` WRITE;
/*!40000 ALTER TABLE `notification_template` DISABLE KEYS */;
INSERT INTO `notification_template` (`id`, `notification_type`, `notification_purpose`, `scope_id`, `reminder_notification_template_id`) VALUES ('APPLICATION_COMPLETE_NOTIFICATION','INDIVIDUAL','UPDATE','APPLICATION',NULL),('APPLICATION_COMPLETE_REQUEST','INDIVIDUAL','REQUEST','APPLICATION','APPLICATION_COMPLETE_REQUEST_REMINDER'),('APPLICATION_COMPLETE_REQUEST_REMINDER','INDIVIDUAL','REMINDER','APPLICATION',NULL),('APPLICATION_CONFIRM_INTERVIEW_ARRANGMENTS_NOTIFICATION','INDIVIDUAL','UPDATE','APPLICATION',NULL),('APPLICATION_CONFIRM_OFFER_RECOMMENDATION_NOTIFICATION','INDIVIDUAL','UPDATE','APPLICATION',NULL),('APPLICATION_CONFIRM_REJECTION_NOTIFICATION','INDIVIDUAL','UPDATE','APPLICATION',NULL),('APPLICATION_PROVIDE_INTERVIEW_AVAILABILITY_NOTIFICATION','INDIVIDUAL','UPDATE','APPLICATION',NULL),('APPLICATION_PROVIDE_INTERVIEW_AVAILABILITY_REQUEST','INDIVIDUAL','REQUEST','APPLICATION','APPLICATION_PROVIDE_INTERVIEW_AVAILABILITY_REQUEST_REMINDER'),('APPLICATION_PROVIDE_INTERVIEW_AVAILABILITY_REQUEST_REMINDER','INDIVIDUAL','REMINDER','APPLICATION',NULL),('APPLICATION_PROVIDE_REFERENCE_REQUEST','INDIVIDUAL','REQUEST','APPLICATION','APPLICATION_PROVIDE_REFERENCE_REQUEST_REMINDER'),('APPLICATION_PROVIDE_REFERENCE_REQUEST_REMINDER','INDIVIDUAL','REMINDER','APPLICATION',NULL),('APPLICATION_TASK_REQUEST','SYNDICATED','REQUEST','APPLICATION','APPLICATION_TASK_REQUEST_REMINDER'),('APPLICATION_TASK_REQUEST_REMINDER','SYNDICATED','REMINDER','APPLICATION',NULL),('APPLICATION_TERMINATE_NOTIFICATION','INDIVIDUAL','UPDATE','APPLICATION',NULL),('APPLICATION_UPDATE_INTERVIEW_AVAILABILITY_NOTIFICATION','INDIVIDUAL','UPDATE','APPLICATION',NULL),('APPLICATION_UPDATE_NOTIFICATION','SYNDICATED','UPDATE','APPLICATION',NULL),('PROGRAM_COMPLETE_APPROVAL_STAGE_NOTIFICATION','INDIVIDUAL','UPDATE','PROGRAM',NULL),('PROGRAM_TASK_REQUEST','SYNDICATED','REQUEST','PROGRAM','PROGRAM_TASK_REQUEST_REMINDER'),('PROGRAM_TASK_REQUEST_REMINDER','SYNDICATED','REMINDER','PROGRAM',NULL),('PROGRAM_UPDATE_NOTIFICATION','SYNDICATED','UPDATE','PROGRAM',NULL),('PROJECT_TASK_REQUEST','SYNDICATED','REQUEST','PROJECT','PROJECT_TASK_REQUEST_REMINDER'),('PROJECT_TASK_REQUEST_REMINDER','SYNDICATED','REMINDER','PROJECT',NULL),('PROJECT_UPDATE_NOTIFICATION','SYNDICATED','UPDATE','PROJECT',NULL),('SYSTEM_COMPLETE_REGISTRATION_REQUEST','INDIVIDUAL','REQUEST','SYSTEM',NULL),('SYSTEM_IMPORT_ERROR_NOTIFICATION','INDIVIDUAL','UPDATE','SYSTEM',NULL),('SYSTEM_PASSWORD_NOTIFICATION','INDIVIDUAL','UPDATE','SYSTEM',NULL);
/*!40000 ALTER TABLE `notification_template` ENABLE KEYS */;
UNLOCK TABLES;

--
-- Dumping data for table `action`
--

LOCK TABLES `action` WRITE;
/*!40000 ALTER TABLE `action` DISABLE KEYS */;
INSERT INTO `action` (`id`, `action_type`, `scope_id`) VALUES ('APPLICATION_ASSESS_ELIGIBILITY','USER_INVOCATION','APPLICATION'),('APPLICATION_ASSIGN_INTERVIEWERS','USER_INVOCATION','APPLICATION'),('APPLICATION_ASSIGN_REVIEWERS','USER_INVOCATION','APPLICATION'),('APPLICATION_ASSIGN_SUPERVISORS','USER_INVOCATION','APPLICATION'),('APPLICATION_COMMENT','USER_INVOCATION','APPLICATION'),('APPLICATION_COMPLETE','USER_INVOCATION','APPLICATION'),('APPLICATION_COMPLETE_APPROVAL_STAGE','USER_INVOCATION','APPLICATION'),('APPLICATION_COMPLETE_INTERVIEW_STAGE','USER_INVOCATION','APPLICATION'),('APPLICATION_COMPLETE_REVIEW_STAGE','USER_INVOCATION','APPLICATION'),('APPLICATION_COMPLETE_VALIDATION_STAGE','USER_INVOCATION','APPLICATION'),('APPLICATION_CONFIRM_ELIGIBILITY','USER_INVOCATION','APPLICATION'),('APPLICATION_CONFIRM_INTERVIEW_ARRANGEMENTS','USER_INVOCATION','APPLICATION'),('APPLICATION_CONFIRM_OFFER_RECOMMENDATION','USER_INVOCATION','APPLICATION'),('APPLICATION_CONFIRM_REJECTION','USER_INVOCATION','APPLICATION'),('APPLICATION_CONFIRM_SUPERVISION','USER_INVOCATION','APPLICATION'),('APPLICATION_CORRECT','USER_INVOCATION','APPLICATION'),('APPLICATION_EMAIL_CREATOR','USER_INVOCATION','APPLICATION'),('APPLICATION_ESCALATE','SYSTEM_ESCALATION','APPLICATION'),('APPLICATION_EXPORT','SYSTEM_ESCALATION','APPLICATION'),('APPLICATION_MOVE_TO_DIFFERENT_STAGE','USER_INVOCATION','APPLICATION'),('APPLICATION_PROVIDE_INTERVIEW_AVAILABILITY','USER_INVOCATION','APPLICATION'),('APPLICATION_PROVIDE_INTERVIEW_FEEDBACK','USER_INVOCATION','APPLICATION'),('APPLICATION_PROVIDE_REFERENCE','USER_INVOCATION','APPLICATION'),('APPLICATION_PROVIDE_REVIEW','USER_INVOCATION','APPLICATION'),('APPLICATION_TERMINATE','SYSTEM_PROPAGATION','APPLICATION'),('APPLICATION_UPDATE_INTERVIEW_AVAILABILITY','USER_INVOCATION','APPLICATION'),('APPLICATION_VIEW_EDIT','USER_INVOCATION','APPLICATION'),('APPLICATION_WITHDRAW','USER_INVOCATION','APPLICATION'),('INSTITUTION_CONFIGURE','USER_INVOCATION','INSTITUTION'),('INSTITUTION_CREATE_PROGRAM','USER_INVOCATION','INSTITUTION'),('INSTITUTION_EXPORT_APPLICATIONS','USER_INVOCATION','INSTITUTION'),('INSTITUTION_EXPORT_PROGRAMS','USER_INVOCATION','INSTITUTION'),('INSTITUTION_IMPORT_PROGRAM','USER_INVOCATION','INSTITUTION'),('INSTITUTION_VIEW','USER_INVOCATION','INSTITUTION'),('INSTITUTION_VIEW_APPLICATION_LIST','USER_INVOCATION','INSTITUTION'),('INSTITUTION_VIEW_PROGRAM_LIST','USER_INVOCATION','INSTITUTION'),('INSTITUTION_VIEW_PROJECT_LIST','USER_INVOCATION','INSTITUTION'),('PROGRAM_COMPLETE_APPROVAL_STAGE','USER_INVOCATION','PROGRAM'),('PROGRAM_CONCLUDE','SYSTEM_PROPAGATION','PROGRAM'),('PROGRAM_CONFIGURE','USER_INVOCATION','PROGRAM'),('PROGRAM_CORRECT','USER_INVOCATION','PROGRAM'),('PROGRAM_CREATE_APPLICATION','USER_INVOCATION','PROGRAM'),('PROGRAM_CREATE_PROJECT','USER_INVOCATION','PROGRAM'),('PROGRAM_EMAIL_CREATOR','USER_INVOCATION','PROGRAM'),('PROGRAM_ESCALATE','SYSTEM_ESCALATION','PROGRAM'),('PROGRAM_EXPORT_APPLICATIONS','USER_INVOCATION','PROGRAM'),('PROGRAM_RESTORE','SYSTEM_PROPAGATION','PROGRAM'),('PROGRAM_VIEW','USER_INVOCATION','PROGRAM'),('PROGRAM_VIEW_APPLICATION_LIST','USER_INVOCATION','PROGRAM'),('PROGRAM_VIEW_PROJECT_LIST','USER_INVOCATION','PROGRAM'),('PROGRAM_WITHDRAW','USER_INVOCATION','PROGRAM'),('PROJECT_CONCLUDE','SYSTEM_PROPAGATION','PROJECT'),('PROJECT_CONFIGURE','USER_INVOCATION','PROJECT'),('PROJECT_CREATE_APPLICATION','USER_INVOCATION','PROJECT'),('PROJECT_ESCALATE','SYSTEM_ESCALATION','PROJECT'),('PROJECT_RESTORE','SYSTEM_PROPAGATION','PROJECT'),('PROJECT_SUSPEND','SYSTEM_PROPAGATION','PROJECT'),('PROJECT_TERMINATE','SYSTEM_PROPAGATION','PROJECT'),('PROJECT_VIEW','USER_INVOCATION','PROJECT'),('PROJECT_VIEW_APPLICATION_LIST','USER_INVOCATION','PROJECT'),('SYSTEM_CONFIGURE','USER_INVOCATION','SYSTEM'),('SYSTEM_CREATE_INSTITUTION','USER_INVOCATION','SYSTEM'),('SYSTEM_EXPORT_APPLICATIONS','USER_INVOCATION','SYSTEM'),('SYSTEM_EXPORT_PROGRAMS','USER_INVOCATION','SYSTEM'),('SYSTEM_MANAGE_ACCOUNT','USER_INVOCATION','SYSTEM'),('SYSTEM_VIEW_APPLICATION_LIST','USER_INVOCATION','SYSTEM'),('SYSTEM_VIEW_INSTITUTION_LIST','USER_INVOCATION','SYSTEM'),('SYSTEM_VIEW_PROGRAM_LIST','USER_INVOCATION','SYSTEM'),('SYSTEM_VIEW_PROJECT_LIST','USER_INVOCATION','SYSTEM');
/*!40000 ALTER TABLE `action` ENABLE KEYS */;
UNLOCK TABLES;

--
-- Dumping data for table `state_action`
--

LOCK TABLES `state_action` WRITE;
/*!40000 ALTER TABLE `state_action` DISABLE KEYS */;
INSERT INTO `state_action` (`id`, `state_id`, `action_id`, `raises_urgent_flag`, `is_default_action`, `notification_template_id`) VALUES (1,'APPLICATION_UNSUBMITTED','APPLICATION_COMPLETE',0,1,NULL),(2,'APPLICATION_UNSUBMITTED','APPLICATION_WITHDRAW',0,0,NULL),(3,'APPLICATION_UNSUBMITTED','APPLICATION_ESCALATE',0,0,NULL),(4,'APPLICATION_UNSUBMITTED','APPLICATION_TERMINATE',0,0,NULL),(8,'APPLICATION_UNSUBMITTED_PENDING_COMPLETION','APPLICATION_COMPLETE',1,1,'APPLICATION_COMPLETE_REQUEST'),(9,'APPLICATION_UNSUBMITTED_PENDING_COMPLETION','APPLICATION_WITHDRAW',0,0,NULL),(10,'APPLICATION_UNSUBMITTED_PENDING_COMPLETION','APPLICATION_TERMINATE',0,0,NULL),(11,'APPLICATION_VALIDATION','APPLICATION_ASSESS_ELIGIBILITY',1,0,'APPLICATION_TASK_REQUEST'),(12,'APPLICATION_VALIDATION','APPLICATION_COMMENT',0,0,NULL),(13,'APPLICATION_VALIDATION','APPLICATION_EMAIL_CREATOR',0,0,NULL),(16,'APPLICATION_VALIDATION','APPLICATION_WITHDRAW',0,0,NULL),(17,'APPLICATION_VALIDATION','APPLICATION_TERMINATE',0,0,NULL),(18,'APPLICATION_VALIDATION_PENDING_FEEDBACK','APPLICATION_CONFIRM_ELIGIBILITY',1,0,'APPLICATION_TASK_REQUEST'),(19,'APPLICATION_VALIDATION_PENDING_FEEDBACK','APPLICATION_COMPLETE_VALIDATION_STAGE',0,0,NULL),(20,'APPLICATION_VALIDATION_PENDING_FEEDBACK','APPLICATION_COMMENT',0,0,NULL),(21,'APPLICATION_VALIDATION_PENDING_FEEDBACK','APPLICATION_EMAIL_CREATOR',0,0,NULL),(24,'APPLICATION_VALIDATION_PENDING_FEEDBACK','APPLICATION_WITHDRAW',0,0,NULL),(25,'APPLICATION_VALIDATION_PENDING_FEEDBACK','APPLICATION_ESCALATE',0,0,NULL),(26,'APPLICATION_VALIDATION_PENDING_FEEDBACK','APPLICATION_TERMINATE',0,0,NULL),(33,'APPLICATION_VALIDATION_PENDING_COMPLETION','APPLICATION_COMPLETE_VALIDATION_STAGE',1,0,'APPLICATION_TASK_REQUEST'),(34,'APPLICATION_VALIDATION_PENDING_COMPLETION','APPLICATION_COMMENT',0,0,NULL),(35,'APPLICATION_VALIDATION_PENDING_COMPLETION','APPLICATION_EMAIL_CREATOR',0,0,NULL),(38,'APPLICATION_VALIDATION_PENDING_COMPLETION','APPLICATION_WITHDRAW',0,0,NULL),(39,'APPLICATION_VALIDATION_PENDING_COMPLETION','APPLICATION_TERMINATE',0,0,NULL),(40,'APPLICATION_REVIEW','APPLICATION_ASSIGN_REVIEWERS',1,0,'APPLICATION_TASK_REQUEST'),(41,'APPLICATION_REVIEW','APPLICATION_MOVE_TO_DIFFERENT_STAGE',1,0,'APPLICATION_TASK_REQUEST'),(42,'APPLICATION_REVIEW','APPLICATION_COMMENT',0,0,NULL),(43,'APPLICATION_REVIEW','APPLICATION_EMAIL_CREATOR',0,0,NULL),(47,'APPLICATION_REVIEW','APPLICATION_WITHDRAW',0,0,NULL),(48,'APPLICATION_REVIEW','APPLICATION_PROVIDE_REFERENCE',1,0,'APPLICATION_PROVIDE_REFERENCE_REQUEST'),(50,'APPLICATION_REVIEW','APPLICATION_TERMINATE',0,0,NULL),(55,'APPLICATION_REVIEW_PENDING_FEEDBACK','APPLICATION_COMPLETE_REVIEW_STAGE',0,0,NULL),(56,'APPLICATION_REVIEW_PENDING_FEEDBACK','APPLICATION_PROVIDE_REVIEW',1,0,'APPLICATION_TASK_REQUEST'),(57,'APPLICATION_REVIEW_PENDING_FEEDBACK','APPLICATION_PROVIDE_REFERENCE',1,0,'APPLICATION_PROVIDE_REFERENCE_REQUEST'),(59,'APPLICATION_REVIEW_PENDING_FEEDBACK','APPLICATION_COMMENT',0,0,NULL),(60,'APPLICATION_REVIEW_PENDING_FEEDBACK','APPLICATION_EMAIL_CREATOR',0,0,NULL),(64,'APPLICATION_REVIEW_PENDING_FEEDBACK','APPLICATION_WITHDRAW',0,0,NULL),(65,'APPLICATION_REVIEW_PENDING_FEEDBACK','APPLICATION_ESCALATE',0,0,NULL),(66,'APPLICATION_REVIEW_PENDING_FEEDBACK','APPLICATION_TERMINATE',0,0,NULL),(70,'APPLICATION_REVIEW_PENDING_COMPLETION','APPLICATION_COMPLETE_REVIEW_STAGE',1,0,'APPLICATION_TASK_REQUEST'),(71,'APPLICATION_REVIEW_PENDING_COMPLETION','APPLICATION_PROVIDE_REVIEW',1,0,'APPLICATION_TASK_REQUEST'),(72,'APPLICATION_REVIEW_PENDING_COMPLETION','APPLICATION_PROVIDE_REFERENCE',1,0,'APPLICATION_PROVIDE_REFERENCE_REQUEST'),(74,'APPLICATION_REVIEW_PENDING_COMPLETION','APPLICATION_COMMENT',0,0,NULL),(75,'APPLICATION_REVIEW_PENDING_COMPLETION','APPLICATION_EMAIL_CREATOR',0,0,NULL),(79,'APPLICATION_REVIEW_PENDING_COMPLETION','APPLICATION_WITHDRAW',0,0,NULL),(80,'APPLICATION_REVIEW_PENDING_COMPLETION','APPLICATION_TERMINATE',0,0,NULL),(85,'APPLICATION_INTERVIEW','APPLICATION_ASSIGN_INTERVIEWERS',1,0,'APPLICATION_TASK_REQUEST'),(86,'APPLICATION_INTERVIEW','APPLICATION_MOVE_TO_DIFFERENT_STAGE',1,0,'APPLICATION_TASK_REQUEST'),(87,'APPLICATION_INTERVIEW','APPLICATION_PROVIDE_REFERENCE',1,0,'APPLICATION_PROVIDE_REFERENCE_REQUEST'),(89,'APPLICATION_INTERVIEW','APPLICATION_COMMENT',0,0,NULL),(90,'APPLICATION_INTERVIEW','APPLICATION_EMAIL_CREATOR',0,0,NULL),(94,'APPLICATION_INTERVIEW','APPLICATION_WITHDRAW',0,0,NULL),(95,'APPLICATION_INTERVIEW','APPLICATION_TERMINATE',0,0,NULL),(100,'APPLICATION_INTERVIEW_PENDING_AVAILABILITY','APPLICATION_PROVIDE_INTERVIEW_AVAILABILITY',1,0,'APPLICATION_PROVIDE_INTERVIEW_AVAILABILITY_REQUEST'),(101,'APPLICATION_INTERVIEW_PENDING_AVAILABILITY','APPLICATION_UPDATE_INTERVIEW_AVAILABILITY',0,0,NULL),(102,'APPLICATION_INTERVIEW_PENDING_AVAILABILITY','APPLICATION_CONFIRM_INTERVIEW_ARRANGEMENTS',0,0,NULL),(103,'APPLICATION_INTERVIEW_PENDING_AVAILABILITY','APPLICATION_COMPLETE_INTERVIEW_STAGE',0,0,NULL),(104,'APPLICATION_INTERVIEW_PENDING_AVAILABILITY','APPLICATION_PROVIDE_REFERENCE',1,0,'APPLICATION_PROVIDE_REFERENCE_REQUEST'),(106,'APPLICATION_INTERVIEW_PENDING_AVAILABILITY','APPLICATION_COMMENT',0,0,NULL),(107,'APPLICATION_INTERVIEW_PENDING_AVAILABILITY','APPLICATION_EMAIL_CREATOR',0,0,NULL),(111,'APPLICATION_INTERVIEW_PENDING_AVAILABILITY','APPLICATION_WITHDRAW',0,0,NULL),(112,'APPLICATION_INTERVIEW_PENDING_AVAILABILITY','APPLICATION_ESCALATE',0,0,NULL),(113,'APPLICATION_INTERVIEW_PENDING_AVAILABILITY','APPLICATION_TERMINATE',0,0,NULL),(115,'APPLICATION_INTERVIEW_PENDING_SCHEDULING','APPLICATION_PROVIDE_INTERVIEW_AVAILABILITY',1,0,'APPLICATION_PROVIDE_INTERVIEW_AVAILABILITY_REQUEST'),(116,'APPLICATION_INTERVIEW_PENDING_SCHEDULING','APPLICATION_UPDATE_INTERVIEW_AVAILABILITY',0,0,NULL),(117,'APPLICATION_INTERVIEW_PENDING_SCHEDULING','APPLICATION_CONFIRM_INTERVIEW_ARRANGEMENTS',1,0,'APPLICATION_TASK_REQUEST'),(118,'APPLICATION_INTERVIEW_PENDING_SCHEDULING','APPLICATION_COMPLETE_INTERVIEW_STAGE',0,0,NULL),(119,'APPLICATION_INTERVIEW_PENDING_SCHEDULING','APPLICATION_PROVIDE_REFERENCE',1,0,'APPLICATION_PROVIDE_REFERENCE_REQUEST'),(121,'APPLICATION_INTERVIEW_PENDING_SCHEDULING','APPLICATION_COMMENT',0,0,NULL),(122,'APPLICATION_INTERVIEW_PENDING_SCHEDULING','APPLICATION_EMAIL_CREATOR',0,0,NULL),(126,'APPLICATION_INTERVIEW_PENDING_SCHEDULING','APPLICATION_WITHDRAW',0,0,NULL),(127,'APPLICATION_INTERVIEW_PENDING_SCHEDULING','APPLICATION_TERMINATE',0,0,NULL),(130,'APPLICATION_INTERVIEW_PENDING_INTERVIEW','APPLICATION_UPDATE_INTERVIEW_AVAILABILITY',0,0,NULL),(131,'APPLICATION_INTERVIEW_PENDING_INTERVIEW','APPLICATION_COMPLETE_INTERVIEW_STAGE',0,0,NULL),(132,'APPLICATION_INTERVIEW_PENDING_INTERVIEW','APPLICATION_PROVIDE_REFERENCE',1,0,'APPLICATION_PROVIDE_REFERENCE_REQUEST'),(134,'APPLICATION_INTERVIEW_PENDING_INTERVIEW','APPLICATION_COMMENT',0,0,NULL),(135,'APPLICATION_INTERVIEW_PENDING_INTERVIEW','APPLICATION_EMAIL_CREATOR',0,0,NULL),(139,'APPLICATION_INTERVIEW_PENDING_INTERVIEW','APPLICATION_WITHDRAW',0,0,NULL),(140,'APPLICATION_INTERVIEW_PENDING_INTERVIEW','APPLICATION_ESCALATE',0,0,NULL),(141,'APPLICATION_INTERVIEW_PENDING_INTERVIEW','APPLICATION_TERMINATE',0,0,NULL),(145,'APPLICATION_INTERVIEW_PENDING_FEEDBACK','APPLICATION_PROVIDE_INTERVIEW_FEEDBACK',1,0,'APPLICATION_TASK_REQUEST'),(146,'APPLICATION_INTERVIEW_PENDING_FEEDBACK','APPLICATION_COMPLETE_INTERVIEW_STAGE',0,0,NULL),(147,'APPLICATION_INTERVIEW_PENDING_FEEDBACK','APPLICATION_PROVIDE_REFERENCE',1,0,'APPLICATION_PROVIDE_REFERENCE_REQUEST'),(149,'APPLICATION_INTERVIEW_PENDING_FEEDBACK','APPLICATION_COMMENT',0,0,NULL),(150,'APPLICATION_INTERVIEW_PENDING_FEEDBACK','APPLICATION_EMAIL_CREATOR',0,0,NULL),(154,'APPLICATION_INTERVIEW_PENDING_FEEDBACK','APPLICATION_WITHDRAW',0,0,NULL),(155,'APPLICATION_INTERVIEW_PENDING_FEEDBACK','APPLICATION_ESCALATE',0,0,NULL),(156,'APPLICATION_INTERVIEW_PENDING_FEEDBACK','APPLICATION_TERMINATE',0,0,NULL),(160,'APPLICATION_INTERVIEW_PENDING_COMPLETION','APPLICATION_PROVIDE_INTERVIEW_FEEDBACK',1,0,'APPLICATION_TASK_REQUEST'),(161,'APPLICATION_INTERVIEW_PENDING_COMPLETION','APPLICATION_COMPLETE_INTERVIEW_STAGE',1,0,'APPLICATION_TASK_REQUEST'),(162,'APPLICATION_INTERVIEW_PENDING_COMPLETION','APPLICATION_PROVIDE_REFERENCE',1,0,'APPLICATION_PROVIDE_REFERENCE_REQUEST'),(164,'APPLICATION_INTERVIEW_PENDING_COMPLETION','APPLICATION_COMMENT',0,0,NULL),(165,'APPLICATION_INTERVIEW_PENDING_COMPLETION','APPLICATION_EMAIL_CREATOR',0,0,NULL),(169,'APPLICATION_INTERVIEW_PENDING_COMPLETION','APPLICATION_WITHDRAW',0,0,NULL),(170,'APPLICATION_INTERVIEW_PENDING_COMPLETION','APPLICATION_TERMINATE',0,0,NULL),(175,'APPLICATION_APPROVAL','APPLICATION_ASSIGN_SUPERVISORS',1,0,'APPLICATION_TASK_REQUEST'),(176,'APPLICATION_APPROVAL','APPLICATION_MOVE_TO_DIFFERENT_STAGE',1,0,'APPLICATION_TASK_REQUEST'),(177,'APPLICATION_APPROVAL','APPLICATION_PROVIDE_REFERENCE',1,0,'APPLICATION_PROVIDE_REFERENCE_REQUEST'),(179,'APPLICATION_APPROVAL','APPLICATION_COMMENT',0,0,NULL),(180,'APPLICATION_APPROVAL','APPLICATION_EMAIL_CREATOR',0,0,NULL),(182,'APPLICATION_APPROVAL','APPLICATION_WITHDRAW',0,0,NULL),(185,'APPLICATION_APPROVAL','APPLICATION_TERMINATE',0,0,NULL),(190,'APPLICATION_APPROVAL_PENDING_FEEDBACK','APPLICATION_COMPLETE_APPROVAL_STAGE',0,0,NULL),(191,'APPLICATION_APPROVAL_PENDING_FEEDBACK','APPLICATION_CONFIRM_SUPERVISION',1,0,'APPLICATION_TASK_REQUEST'),(192,'APPLICATION_APPROVAL_PENDING_FEEDBACK','APPLICATION_PROVIDE_REFERENCE',1,0,'APPLICATION_PROVIDE_REFERENCE_REQUEST'),(194,'APPLICATION_APPROVAL_PENDING_FEEDBACK','APPLICATION_COMMENT',0,0,NULL),(195,'APPLICATION_APPROVAL_PENDING_FEEDBACK','APPLICATION_EMAIL_CREATOR',0,0,NULL),(198,'APPLICATION_APPROVAL_PENDING_FEEDBACK','APPLICATION_WITHDRAW',0,0,NULL),(199,'APPLICATION_APPROVAL_PENDING_FEEDBACK','APPLICATION_ESCALATE',0,0,NULL),(200,'APPLICATION_APPROVAL_PENDING_FEEDBACK','APPLICATION_TERMINATE',0,0,NULL),(205,'APPLICATION_APPROVAL_PENDING_COMPLETION','APPLICATION_COMPLETE_APPROVAL_STAGE',1,0,'APPLICATION_TASK_REQUEST'),(206,'APPLICATION_APPROVAL_PENDING_COMPLETION','APPLICATION_CONFIRM_SUPERVISION',1,0,'APPLICATION_TASK_REQUEST'),(207,'APPLICATION_APPROVAL_PENDING_COMPLETION','APPLICATION_PROVIDE_REFERENCE',1,0,'APPLICATION_PROVIDE_REFERENCE_REQUEST'),(209,'APPLICATION_APPROVAL_PENDING_COMPLETION','APPLICATION_COMMENT',0,0,NULL),(210,'APPLICATION_APPROVAL_PENDING_COMPLETION','APPLICATION_EMAIL_CREATOR',0,0,NULL),(213,'APPLICATION_APPROVAL_PENDING_COMPLETION','APPLICATION_WITHDRAW',0,0,NULL),(214,'APPLICATION_APPROVAL_PENDING_COMPLETION','APPLICATION_TERMINATE',0,0,NULL),(220,'APPLICATION_APPROVED','APPLICATION_CONFIRM_OFFER_RECOMMENDATION',1,0,'APPLICATION_TASK_REQUEST'),(221,'APPLICATION_APPROVED','APPLICATION_MOVE_TO_DIFFERENT_STAGE',1,0,'APPLICATION_TASK_REQUEST'),(222,'APPLICATION_APPROVED','APPLICATION_PROVIDE_REFERENCE',1,0,'APPLICATION_PROVIDE_REFERENCE_REQUEST'),(224,'APPLICATION_APPROVED','APPLICATION_COMMENT',0,0,NULL),(225,'APPLICATION_APPROVED','APPLICATION_EMAIL_CREATOR',0,0,NULL),(228,'APPLICATION_APPROVED','APPLICATION_WITHDRAW',0,0,NULL),(229,'APPLICATION_APPROVED','APPLICATION_TERMINATE',0,0,NULL),(236,'APPLICATION_APPROVED_PENDING_EXPORT','APPLICATION_COMMENT',0,0,NULL),(237,'APPLICATION_APPROVED_PENDING_EXPORT','APPLICATION_EMAIL_CREATOR',0,0,NULL),(240,'APPLICATION_APPROVED_PENDING_EXPORT','APPLICATION_EXPORT',0,0,NULL),(244,'APPLICATION_APPROVED_PENDING_CORRECTION','APPLICATION_COMMENT',0,0,NULL),(245,'APPLICATION_APPROVED_PENDING_CORRECTION','APPLICATION_EMAIL_CREATOR',0,0,NULL),(250,'APPLICATION_APPROVED_COMPLETED','APPLICATION_COMMENT',0,0,NULL),(251,'APPLICATION_APPROVED_COMPLETED','APPLICATION_EMAIL_CREATOR',0,0,NULL),(256,'APPLICATION_REJECTED','APPLICATION_CONFIRM_REJECTION',1,0,'APPLICATION_TASK_REQUEST'),(257,'APPLICATION_REJECTED','APPLICATION_MOVE_TO_DIFFERENT_STAGE',1,0,'APPLICATION_TASK_REQUEST'),(258,'APPLICATION_REJECTED','APPLICATION_PROVIDE_REFERENCE',1,0,'APPLICATION_PROVIDE_REFERENCE_REQUEST'),(260,'APPLICATION_REJECTED','APPLICATION_COMMENT',0,0,NULL),(261,'APPLICATION_REJECTED','APPLICATION_EMAIL_CREATOR',0,0,NULL),(264,'APPLICATION_REJECTED','APPLICATION_WITHDRAW',0,0,NULL),(265,'APPLICATION_REJECTED','APPLICATION_TERMINATE',0,0,NULL),(272,'APPLICATION_REJECTED_PENDING_EXPORT','APPLICATION_COMMENT',0,0,NULL),(273,'APPLICATION_REJECTED_PENDING_EXPORT','APPLICATION_EMAIL_CREATOR',0,0,NULL),(276,'APPLICATION_REJECTED_PENDING_EXPORT','APPLICATION_EXPORT',0,0,NULL),(280,'APPLICATION_REJECTED_PENDING_CORRECTION','APPLICATION_COMMENT',0,0,NULL),(281,'APPLICATION_REJECTED_PENDING_CORRECTION','APPLICATION_EMAIL_CREATOR',0,0,NULL),(286,'APPLICATION_REJECTED_COMPLETED','APPLICATION_COMMENT',0,0,NULL),(287,'APPLICATION_REJECTED_COMPLETED','APPLICATION_EMAIL_CREATOR',0,0,NULL),(293,'APPLICATION_WITHDRAWN','APPLICATION_COMMENT',0,0,NULL),(294,'APPLICATION_WITHDRAWN','APPLICATION_EMAIL_CREATOR',0,0,NULL),(297,'APPLICATION_WITHDRAWN','APPLICATION_EXPORT',0,0,NULL),(301,'APPLICATION_WITHDRAWN_PENDING_CORRECTION','APPLICATION_COMMENT',0,0,NULL),(302,'APPLICATION_WITHDRAWN_PENDING_CORRECTION','APPLICATION_EMAIL_CREATOR',0,0,NULL),(307,'APPLICATION_WITHDRAWN_COMPLETED','APPLICATION_COMMENT',0,0,NULL),(308,'APPLICATION_WITHDRAWN_COMPLETED','APPLICATION_EMAIL_CREATOR',0,0,NULL),(313,'PROJECT_APPROVED','PROJECT_CREATE_APPLICATION',0,0,NULL),(314,'PROJECT_APPROVED','PROJECT_CONCLUDE',0,0,NULL),(315,'PROJECT_APPROVED','PROJECT_CONFIGURE',0,1,NULL),(316,'PROJECT_APPROVED','PROJECT_VIEW',0,0,NULL),(317,'PROJECT_APPROVED','PROJECT_ESCALATE',0,0,NULL),(318,'PROJECT_APPROVED','PROJECT_TERMINATE',0,0,NULL),(319,'PROJECT_APPROVED','PROJECT_SUSPEND',0,0,NULL),(320,'PROJECT_DEACTIVATED','PROJECT_CONCLUDE',0,0,NULL),(321,'PROJECT_DEACTIVATED','PROJECT_CONFIGURE',0,1,NULL),(322,'PROJECT_DEACTIVATED','PROJECT_VIEW',0,0,NULL),(323,'PROJECT_DEACTIVATED','PROJECT_ESCALATE',0,0,NULL),(324,'PROJECT_DEACTIVATED','PROJECT_TERMINATE',0,0,NULL),(325,'PROJECT_DEACTIVATED','PROJECT_SUSPEND',0,0,NULL),(327,'PROJECT_DISABLED','PROJECT_CONCLUDE',0,0,NULL),(328,'PROJECT_DISABLED','PROJECT_ESCALATE',0,0,NULL),(329,'PROJECT_DISABLED','PROJECT_TERMINATE',0,0,NULL),(330,'PROJECT_DISABLED','PROJECT_VIEW',0,0,NULL),(334,'PROJECT_DISABLED_PENDING_REACTIVATION','PROJECT_CONCLUDE',0,0,NULL),(335,'PROJECT_DISABLED_PENDING_REACTIVATION','PROJECT_ESCALATE',0,0,NULL),(336,'PROJECT_DISABLED_PENDING_REACTIVATION','PROJECT_SUSPEND',0,0,NULL),(337,'PROJECT_DISABLED_PENDING_REACTIVATION','PROJECT_CONFIGURE',1,1,'PROJECT_TASK_REQUEST'),(338,'PROJECT_DISABLED_PENDING_REACTIVATION','PROJECT_VIEW',0,0,NULL),(341,'PROJECT_DISABLED_PENDING_PROGRAM_REACTIVATION','PROJECT_CONCLUDE',0,0,NULL),(342,'PROJECT_DISABLED_PENDING_PROGRAM_REACTIVATION','PROJECT_TERMINATE',0,0,NULL),(343,'PROJECT_DISABLED_PENDING_PROGRAM_REACTIVATION','PROJECT_RESTORE',0,0,NULL),(344,'PROJECT_DISABLED_PENDING_PROGRAM_REACTIVATION','PROJECT_VIEW',0,0,NULL),(348,'PROJECT_DISABLED_COMPLETED','PROJECT_VIEW',0,0,NULL),(349,'PROGRAM_APPROVAL','PROGRAM_COMPLETE_APPROVAL_STAGE',1,0,'PROGRAM_TASK_REQUEST'),(350,'PROGRAM_APPROVAL','PROGRAM_EMAIL_CREATOR',0,0,NULL),(352,'PROGRAM_APPROVAL_PENDING_CORRECTION','PROGRAM_COMPLETE_APPROVAL_STAGE',0,0,NULL),(353,'PROGRAM_APPROVAL_PENDING_CORRECTION','PROGRAM_EMAIL_CREATOR',0,0,NULL),(355,'PROGRAM_APPROVAL_PENDING_CORRECTION','PROGRAM_WITHDRAW',0,0,NULL),(359,'PROGRAM_APPROVED','PROGRAM_CREATE_APPLICATION',0,0,NULL),(360,'PROGRAM_APPROVED','PROGRAM_CONCLUDE',0,0,NULL),(361,'PROGRAM_APPROVED','PROGRAM_CREATE_PROJECT',0,0,NULL),(362,'PROGRAM_APPROVED','PROGRAM_CONFIGURE',0,1,NULL),(364,'PROGRAM_APPROVED','PROGRAM_ESCALATE',0,0,NULL),(366,'PROGRAM_DEACTIVATED','PROGRAM_CONCLUDE',0,0,NULL),(367,'PROGRAM_DEACTIVATED','PROGRAM_CREATE_PROJECT',0,0,NULL),(368,'PROGRAM_DEACTIVATED','PROGRAM_CONFIGURE',0,1,NULL),(370,'PROGRAM_DEACTIVATED','PROGRAM_ESCALATE',0,0,NULL),(373,'PROGRAM_DISABLED','PROGRAM_CONCLUDE',0,0,NULL),(374,'PROGRAM_DISABLED','PROGRAM_ESCALATE',0,0,NULL),(376,'PROGRAM_DISABLED_PENDING_REACTIVATION','PROGRAM_CONCLUDE',0,0,NULL),(377,'PROGRAM_DISABLED_PENDING_REACTIVATION','PROGRAM_ESCALATE',0,0,NULL),(378,'PROGRAM_DISABLED_PENDING_REACTIVATION','PROGRAM_CONFIGURE',1,1,'PROGRAM_TASK_REQUEST'),(383,'PROGRAM_DISABLED_PENDING_IMPORT_REACTIVATION','PROGRAM_CONCLUDE',0,0,NULL),(384,'PROGRAM_DISABLED_PENDING_IMPORT_REACTIVATION','PROGRAM_ESCALATE',0,0,NULL),(385,'PROGRAM_DISABLED_PENDING_IMPORT_REACTIVATION','PROGRAM_RESTORE',0,1,NULL),(393,'INSTITUTION_APPROVED','INSTITUTION_CONFIGURE',0,0,NULL),(394,'INSTITUTION_APPROVED','INSTITUTION_CREATE_PROGRAM',0,0,NULL),(395,'INSTITUTION_APPROVED','INSTITUTION_IMPORT_PROGRAM',0,0,NULL),(396,'INSTITUTION_APPROVED','INSTITUTION_VIEW',0,0,NULL),(400,'SYSTEM_APPROVED','SYSTEM_CONFIGURE',0,0,NULL),(401,'SYSTEM_APPROVED','SYSTEM_CREATE_INSTITUTION',0,0,NULL),(403,'SYSTEM_APPROVED','SYSTEM_MANAGE_ACCOUNT',0,0,NULL),(404,'SYSTEM_APPROVED','SYSTEM_VIEW_APPLICATION_LIST',0,0,NULL),(405,'SYSTEM_APPROVED','SYSTEM_VIEW_INSTITUTION_LIST',0,0,NULL),(406,'SYSTEM_APPROVED','SYSTEM_VIEW_PROGRAM_LIST',0,0,NULL),(407,'SYSTEM_APPROVED','SYSTEM_VIEW_PROJECT_LIST',0,0,NULL),(408,'INSTITUTION_APPROVED','INSTITUTION_VIEW_APPLICATION_LIST',0,0,NULL),(409,'INSTITUTION_APPROVED','INSTITUTION_VIEW_PROGRAM_LIST',0,0,NULL),(410,'INSTITUTION_APPROVED','INSTITUTION_VIEW_PROJECT_LIST',0,0,NULL),(411,'PROGRAM_APPROVAL','PROGRAM_VIEW_APPLICATION_LIST',0,0,NULL),(412,'PROGRAM_APPROVAL_PENDING_CORRECTION','PROGRAM_VIEW_APPLICATION_LIST',0,0,NULL),(413,'PROGRAM_APPROVED','PROGRAM_VIEW_APPLICATION_LIST',0,0,NULL),(414,'PROGRAM_DEACTIVATED','PROGRAM_VIEW_APPLICATION_LIST',0,0,NULL),(415,'PROGRAM_DISABLED','PROGRAM_VIEW_APPLICATION_LIST',0,0,NULL),(416,'PROGRAM_DISABLED_COMPLETED','PROGRAM_VIEW_APPLICATION_LIST',0,0,NULL),(417,'PROGRAM_DISABLED_PENDING_IMPORT_REACTIVATION','PROGRAM_VIEW_APPLICATION_LIST',0,0,NULL),(418,'PROGRAM_DISABLED_PENDING_REACTIVATION','PROGRAM_VIEW_APPLICATION_LIST',0,0,NULL),(419,'PROGRAM_REJECTED','PROGRAM_VIEW_APPLICATION_LIST',0,0,NULL),(420,'PROGRAM_WITHDRAWN','PROGRAM_VIEW_APPLICATION_LIST',0,0,NULL),(421,'PROGRAM_APPROVAL','PROGRAM_VIEW_PROJECT_LIST',0,0,NULL),(422,'PROGRAM_APPROVAL_PENDING_CORRECTION','PROGRAM_VIEW_PROJECT_LIST',0,0,NULL),(423,'PROGRAM_APPROVED','PROGRAM_VIEW_PROJECT_LIST',0,0,NULL),(424,'PROGRAM_DEACTIVATED','PROGRAM_VIEW_PROJECT_LIST',0,0,NULL),(425,'PROGRAM_DISABLED','PROGRAM_VIEW_PROJECT_LIST',0,0,NULL),(426,'PROGRAM_DISABLED_COMPLETED','PROGRAM_VIEW_PROJECT_LIST',0,0,NULL),(427,'PROGRAM_DISABLED_PENDING_IMPORT_REACTIVATION','PROGRAM_VIEW_PROJECT_LIST',0,0,NULL),(428,'PROGRAM_DISABLED_PENDING_REACTIVATION','PROGRAM_VIEW_PROJECT_LIST',0,0,NULL),(429,'PROGRAM_REJECTED','PROGRAM_VIEW_PROJECT_LIST',0,0,NULL),(430,'PROGRAM_WITHDRAWN','PROGRAM_VIEW_PROJECT_LIST',0,0,NULL),(431,'PROJECT_APPROVED','PROJECT_VIEW_APPLICATION_LIST',0,0,NULL),(432,'PROJECT_DEACTIVATED','PROJECT_VIEW_APPLICATION_LIST',0,0,NULL),(433,'PROJECT_DISABLED','PROJECT_VIEW_APPLICATION_LIST',0,0,NULL),(434,'PROJECT_DISABLED_COMPLETED','PROJECT_VIEW_APPLICATION_LIST',0,0,NULL),(435,'PROJECT_DISABLED_PENDING_PROGRAM_REACTIVATION','PROJECT_VIEW_APPLICATION_LIST',0,0,NULL),(436,'PROJECT_DISABLED_PENDING_REACTIVATION','PROJECT_VIEW_APPLICATION_LIST',0,0,NULL),(466,'SYSTEM_APPROVED','SYSTEM_EXPORT_APPLICATIONS',0,0,NULL),(467,'INSTITUTION_APPROVED','INSTITUTION_EXPORT_APPLICATIONS',0,0,NULL),(468,'PROGRAM_APPROVED','PROGRAM_EXPORT_APPLICATIONS',0,0,NULL),(469,'PROGRAM_DEACTIVATED','PROGRAM_EXPORT_APPLICATIONS',0,0,NULL),(470,'PROGRAM_DISABLED','PROGRAM_EXPORT_APPLICATIONS',0,0,NULL),(471,'PROGRAM_DISABLED_COMPLETED','PROGRAM_EXPORT_APPLICATIONS',0,0,NULL),(472,'PROGRAM_DISABLED_PENDING_IMPORT_REACTIVATION','PROGRAM_EXPORT_APPLICATIONS',0,0,NULL),(473,'PROGRAM_DISABLED_PENDING_REACTIVATION','PROGRAM_EXPORT_APPLICATIONS',0,0,NULL),(474,'PROGRAM_REJECTED','PROGRAM_EXPORT_APPLICATIONS',0,0,NULL),(475,'PROGRAM_WITHDRAWN','PROGRAM_EXPORT_APPLICATIONS',0,0,NULL),(481,'SYSTEM_APPROVED','SYSTEM_EXPORT_PROGRAMS',0,0,NULL),(482,'INSTITUTION_APPROVED','INSTITUTION_EXPORT_PROGRAMS',0,0,NULL),(484,'PROGRAM_DISABLED','PROGRAM_RESTORE',0,1,NULL),(485,'PROGRAM_DISABLED_COMPLETED','PROGRAM_RESTORE',0,1,NULL),(486,'APPLICATION_APPROVAL','APPLICATION_VIEW_EDIT',0,1,NULL),(487,'APPLICATION_APPROVAL_PENDING_COMPLETION','APPLICATION_VIEW_EDIT',0,1,NULL),(488,'APPLICATION_APPROVAL_PENDING_FEEDBACK','APPLICATION_VIEW_EDIT',0,1,NULL),(489,'APPLICATION_APPROVED','APPLICATION_VIEW_EDIT',0,1,NULL),(490,'APPLICATION_APPROVED_COMPLETED','APPLICATION_VIEW_EDIT',0,1,NULL),(491,'APPLICATION_APPROVED_PENDING_CORRECTION','APPLICATION_VIEW_EDIT',0,1,NULL),(492,'APPLICATION_APPROVED_PENDING_EXPORT','APPLICATION_VIEW_EDIT',0,1,NULL),(493,'APPLICATION_INTERVIEW','APPLICATION_VIEW_EDIT',0,1,NULL),(494,'APPLICATION_INTERVIEW_PENDING_AVAILABILITY','APPLICATION_VIEW_EDIT',0,1,NULL),(495,'APPLICATION_INTERVIEW_PENDING_COMPLETION','APPLICATION_VIEW_EDIT',0,1,NULL),(496,'APPLICATION_INTERVIEW_PENDING_FEEDBACK','APPLICATION_VIEW_EDIT',0,1,NULL),(497,'APPLICATION_INTERVIEW_PENDING_INTERVIEW','APPLICATION_VIEW_EDIT',0,1,NULL),(498,'APPLICATION_INTERVIEW_PENDING_SCHEDULING','APPLICATION_VIEW_EDIT',0,1,NULL),(499,'APPLICATION_REJECTED','APPLICATION_VIEW_EDIT',0,1,NULL),(500,'APPLICATION_REJECTED_COMPLETED','APPLICATION_VIEW_EDIT',0,1,NULL),(501,'APPLICATION_REJECTED_PENDING_CORRECTION','APPLICATION_VIEW_EDIT',0,1,NULL),(502,'APPLICATION_REJECTED_PENDING_EXPORT','APPLICATION_VIEW_EDIT',0,1,NULL),(503,'APPLICATION_REVIEW','APPLICATION_VIEW_EDIT',0,1,NULL),(504,'APPLICATION_REVIEW_PENDING_COMPLETION','APPLICATION_VIEW_EDIT',0,1,NULL),(505,'APPLICATION_REVIEW_PENDING_FEEDBACK','APPLICATION_VIEW_EDIT',0,1,NULL),(506,'APPLICATION_VALIDATION','APPLICATION_VIEW_EDIT',0,1,NULL),(507,'APPLICATION_VALIDATION_PENDING_COMPLETION','APPLICATION_VIEW_EDIT',0,1,NULL),(508,'APPLICATION_VALIDATION_PENDING_FEEDBACK','APPLICATION_VIEW_EDIT',0,1,NULL),(509,'APPLICATION_WITHDRAWN','APPLICATION_VIEW_EDIT',0,1,NULL),(510,'APPLICATION_WITHDRAWN_COMPLETED','APPLICATION_VIEW_EDIT',0,1,NULL),(511,'APPLICATION_WITHDRAWN_PENDING_CORRECTION','APPLICATION_VIEW_EDIT',0,1,NULL),(517,'PROGRAM_APPROVAL','PROGRAM_VIEW',0,1,NULL),(518,'PROGRAM_APPROVAL_PENDING_CORRECTION','PROGRAM_CORRECT',0,1,NULL),(519,'PROGRAM_APPROVED','PROGRAM_VIEW',0,1,NULL),(520,'PROGRAM_DEACTIVATED','PROGRAM_VIEW',0,1,NULL),(521,'PROGRAM_DISABLED','PROGRAM_VIEW',0,1,NULL),(522,'PROGRAM_DISABLED_COMPLETED','PROGRAM_VIEW',0,1,NULL),(523,'PROGRAM_DISABLED_PENDING_IMPORT_REACTIVATION','PROGRAM_VIEW',0,1,NULL),(524,'PROGRAM_DISABLED_PENDING_REACTIVATION','PROGRAM_VIEW',0,1,NULL),(525,'PROGRAM_REJECTED','PROGRAM_VIEW',0,1,NULL),(526,'PROGRAM_WITHDRAWN','PROGRAM_VIEW',0,1,NULL),(532,'APPLICATION_APPROVED_PENDING_CORRECTION','APPLICATION_CORRECT',1,0,'APPLICATION_TASK_REQUEST'),(533,'APPLICATION_REJECTED_PENDING_CORRECTION','APPLICATION_CORRECT',1,0,'APPLICATION_TASK_REQUEST'),(534,'APPLICATION_WITHDRAWN_PENDING_CORRECTION','APPLICATION_CORRECT',1,0,'APPLICATION_TASK_REQUEST');
/*!40000 ALTER TABLE `state_action` ENABLE KEYS */;
UNLOCK TABLES;

--
-- Dumping data for table `state_transition`
--

LOCK TABLES `state_transition` WRITE;
/*!40000 ALTER TABLE `state_transition` DISABLE KEYS */;
INSERT INTO `state_transition` (`id`, `state_action_id`, `transition_state_id`, `transition_action_id`, `state_transition_evaluation_id`, `do_post_comment`, `display_order`) VALUES (1,3,'APPLICATION_UNSUBMITTED_PENDING_COMPLETION','APPLICATION_ESCALATE',NULL,0,NULL),(2,2,'APPLICATION_WITHDRAWN_COMPLETED','SYSTEM_VIEW_APPLICATION_LIST',NULL,1,NULL),(3,9,'APPLICATION_WITHDRAWN_COMPLETED','SYSTEM_VIEW_APPLICATION_LIST',NULL,1,NULL),(4,182,'APPLICATION_WITHDRAWN','SYSTEM_VIEW_APPLICATION_LIST','APPLICATION_PROCESSING_COMPLETED_OUTCOME',1,NULL),(5,182,'APPLICATION_WITHDRAWN_COMPLETED','SYSTEM_VIEW_APPLICATION_LIST','APPLICATION_PROCESSING_COMPLETED_OUTCOME',1,NULL),(6,213,'APPLICATION_WITHDRAWN','SYSTEM_VIEW_APPLICATION_LIST','APPLICATION_PROCESSING_COMPLETED_OUTCOME',1,NULL),(7,213,'APPLICATION_WITHDRAWN_COMPLETED','SYSTEM_VIEW_APPLICATION_LIST','APPLICATION_PROCESSING_COMPLETED_OUTCOME',1,NULL),(8,198,'APPLICATION_WITHDRAWN','SYSTEM_VIEW_APPLICATION_LIST','APPLICATION_PROCESSING_COMPLETED_OUTCOME',1,NULL),(9,198,'APPLICATION_WITHDRAWN_COMPLETED','SYSTEM_VIEW_APPLICATION_LIST','APPLICATION_PROCESSING_COMPLETED_OUTCOME',1,NULL),(10,94,'APPLICATION_WITHDRAWN','SYSTEM_VIEW_APPLICATION_LIST','APPLICATION_PROCESSING_COMPLETED_OUTCOME',1,NULL),(11,94,'APPLICATION_WITHDRAWN_COMPLETED','SYSTEM_VIEW_APPLICATION_LIST','APPLICATION_PROCESSING_COMPLETED_OUTCOME',1,NULL),(12,111,'APPLICATION_WITHDRAWN','SYSTEM_VIEW_APPLICATION_LIST','APPLICATION_PROCESSING_COMPLETED_OUTCOME',1,NULL),(13,111,'APPLICATION_WITHDRAWN_COMPLETED','SYSTEM_VIEW_APPLICATION_LIST','APPLICATION_PROCESSING_COMPLETED_OUTCOME',1,NULL),(14,169,'APPLICATION_WITHDRAWN','SYSTEM_VIEW_APPLICATION_LIST','APPLICATION_PROCESSING_COMPLETED_OUTCOME',1,NULL),(15,169,'APPLICATION_WITHDRAWN_COMPLETED','SYSTEM_VIEW_APPLICATION_LIST','APPLICATION_PROCESSING_COMPLETED_OUTCOME',1,NULL),(16,154,'APPLICATION_WITHDRAWN','SYSTEM_VIEW_APPLICATION_LIST','APPLICATION_PROCESSING_COMPLETED_OUTCOME',1,NULL),(17,154,'APPLICATION_WITHDRAWN_COMPLETED','SYSTEM_VIEW_APPLICATION_LIST','APPLICATION_PROCESSING_COMPLETED_OUTCOME',1,NULL),(18,139,'APPLICATION_WITHDRAWN','SYSTEM_VIEW_APPLICATION_LIST','APPLICATION_PROCESSING_COMPLETED_OUTCOME',1,NULL),(19,139,'APPLICATION_WITHDRAWN_COMPLETED','SYSTEM_VIEW_APPLICATION_LIST','APPLICATION_PROCESSING_COMPLETED_OUTCOME',1,NULL),(20,126,'APPLICATION_WITHDRAWN','SYSTEM_VIEW_APPLICATION_LIST','APPLICATION_PROCESSING_COMPLETED_OUTCOME',1,NULL),(21,126,'APPLICATION_WITHDRAWN_COMPLETED','SYSTEM_VIEW_APPLICATION_LIST','APPLICATION_PROCESSING_COMPLETED_OUTCOME',1,NULL),(22,47,'APPLICATION_WITHDRAWN','SYSTEM_VIEW_APPLICATION_LIST','APPLICATION_PROCESSING_COMPLETED_OUTCOME',1,NULL),(23,47,'APPLICATION_WITHDRAWN_COMPLETED','SYSTEM_VIEW_APPLICATION_LIST','APPLICATION_PROCESSING_COMPLETED_OUTCOME',1,NULL),(24,79,'APPLICATION_WITHDRAWN','SYSTEM_VIEW_APPLICATION_LIST','APPLICATION_PROCESSING_COMPLETED_OUTCOME',1,NULL),(25,79,'APPLICATION_WITHDRAWN_COMPLETED','SYSTEM_VIEW_APPLICATION_LIST','APPLICATION_PROCESSING_COMPLETED_OUTCOME',1,NULL),(26,64,'APPLICATION_WITHDRAWN','SYSTEM_VIEW_APPLICATION_LIST','APPLICATION_PROCESSING_COMPLETED_OUTCOME',1,NULL),(27,64,'APPLICATION_WITHDRAWN_COMPLETED','SYSTEM_VIEW_APPLICATION_LIST','APPLICATION_PROCESSING_COMPLETED_OUTCOME',1,NULL),(28,16,'APPLICATION_WITHDRAWN','SYSTEM_VIEW_APPLICATION_LIST','APPLICATION_PROCESSING_COMPLETED_OUTCOME',1,NULL),(29,16,'APPLICATION_WITHDRAWN_COMPLETED','SYSTEM_VIEW_APPLICATION_LIST','APPLICATION_PROCESSING_COMPLETED_OUTCOME',1,NULL),(30,38,'APPLICATION_WITHDRAWN','SYSTEM_VIEW_APPLICATION_LIST','APPLICATION_PROCESSING_COMPLETED_OUTCOME',1,NULL),(31,38,'APPLICATION_WITHDRAWN_COMPLETED','SYSTEM_VIEW_APPLICATION_LIST','APPLICATION_PROCESSING_COMPLETED_OUTCOME',1,NULL),(32,24,'APPLICATION_WITHDRAWN','SYSTEM_VIEW_APPLICATION_LIST','APPLICATION_PROCESSING_COMPLETED_OUTCOME',1,NULL),(33,24,'APPLICATION_WITHDRAWN_COMPLETED','SYSTEM_VIEW_APPLICATION_LIST','APPLICATION_PROCESSING_COMPLETED_OUTCOME',1,NULL),(34,228,'APPLICATION_WITHDRAWN','SYSTEM_VIEW_APPLICATION_LIST','APPLICATION_PROCESSING_COMPLETED_OUTCOME',1,NULL),(35,264,'APPLICATION_WITHDRAWN','SYSTEM_VIEW_APPLICATION_LIST','APPLICATION_PROCESSING_COMPLETED_OUTCOME',1,NULL),(36,228,'APPLICATION_WITHDRAWN_COMPLETED','SYSTEM_VIEW_APPLICATION_LIST','APPLICATION_PROCESSING_COMPLETED_OUTCOME',1,NULL),(37,264,'APPLICATION_WITHDRAWN_COMPLETED','SYSTEM_VIEW_APPLICATION_LIST','APPLICATION_PROCESSING_COMPLETED_OUTCOME',1,NULL),(65,4,'APPLICATION_WITHDRAWN_COMPLETED','APPLICATION_TERMINATE',NULL,1,NULL),(66,10,'APPLICATION_WITHDRAWN_COMPLETED','APPLICATION_TERMINATE',NULL,1,NULL),(67,185,'APPLICATION_REJECTED_COMPLETED','APPLICATION_TERMINATE','APPLICATION_PROCESSING_COMPLETED_OUTCOME',1,NULL),(68,185,'APPLICATION_REJECTED_PENDING_EXPORT','APPLICATION_TERMINATE','APPLICATION_PROCESSING_COMPLETED_OUTCOME',1,NULL),(69,214,'APPLICATION_REJECTED_COMPLETED','APPLICATION_TERMINATE','APPLICATION_PROCESSING_COMPLETED_OUTCOME',1,NULL),(70,214,'APPLICATION_REJECTED_PENDING_EXPORT','APPLICATION_TERMINATE','APPLICATION_PROCESSING_COMPLETED_OUTCOME',1,NULL),(71,200,'APPLICATION_REJECTED_COMPLETED','APPLICATION_TERMINATE','APPLICATION_PROCESSING_COMPLETED_OUTCOME',1,NULL),(72,200,'APPLICATION_REJECTED_PENDING_EXPORT','APPLICATION_TERMINATE','APPLICATION_PROCESSING_COMPLETED_OUTCOME',1,NULL),(73,95,'APPLICATION_REJECTED_COMPLETED','APPLICATION_TERMINATE','APPLICATION_PROCESSING_COMPLETED_OUTCOME',1,NULL),(74,95,'APPLICATION_REJECTED_PENDING_EXPORT','APPLICATION_TERMINATE','APPLICATION_PROCESSING_COMPLETED_OUTCOME',1,NULL),(75,113,'APPLICATION_REJECTED_COMPLETED','APPLICATION_TERMINATE','APPLICATION_PROCESSING_COMPLETED_OUTCOME',1,NULL),(76,113,'APPLICATION_REJECTED_PENDING_EXPORT','APPLICATION_TERMINATE','APPLICATION_PROCESSING_COMPLETED_OUTCOME',1,NULL),(77,170,'APPLICATION_REJECTED_COMPLETED','APPLICATION_TERMINATE','APPLICATION_PROCESSING_COMPLETED_OUTCOME',1,NULL),(78,170,'APPLICATION_REJECTED_PENDING_EXPORT','APPLICATION_TERMINATE','APPLICATION_PROCESSING_COMPLETED_OUTCOME',1,NULL),(79,156,'APPLICATION_REJECTED_COMPLETED','APPLICATION_TERMINATE','APPLICATION_PROCESSING_COMPLETED_OUTCOME',1,NULL),(80,156,'APPLICATION_REJECTED_PENDING_EXPORT','APPLICATION_TERMINATE','APPLICATION_PROCESSING_COMPLETED_OUTCOME',1,NULL),(81,141,'APPLICATION_REJECTED_COMPLETED','APPLICATION_TERMINATE','APPLICATION_PROCESSING_COMPLETED_OUTCOME',1,NULL),(82,141,'APPLICATION_REJECTED_PENDING_EXPORT','APPLICATION_TERMINATE','APPLICATION_PROCESSING_COMPLETED_OUTCOME',1,NULL),(83,127,'APPLICATION_REJECTED_COMPLETED','APPLICATION_TERMINATE','APPLICATION_PROCESSING_COMPLETED_OUTCOME',1,NULL),(84,127,'APPLICATION_REJECTED_PENDING_EXPORT','APPLICATION_TERMINATE','APPLICATION_PROCESSING_COMPLETED_OUTCOME',1,NULL),(85,50,'APPLICATION_REJECTED_COMPLETED','APPLICATION_TERMINATE','APPLICATION_PROCESSING_COMPLETED_OUTCOME',1,NULL),(86,50,'APPLICATION_REJECTED_PENDING_EXPORT','APPLICATION_TERMINATE','APPLICATION_PROCESSING_COMPLETED_OUTCOME',1,NULL),(87,80,'APPLICATION_REJECTED_COMPLETED','APPLICATION_TERMINATE','APPLICATION_PROCESSING_COMPLETED_OUTCOME',1,NULL),(88,80,'APPLICATION_REJECTED_PENDING_EXPORT','APPLICATION_TERMINATE','APPLICATION_PROCESSING_COMPLETED_OUTCOME',1,NULL),(89,66,'APPLICATION_REJECTED_COMPLETED','APPLICATION_TERMINATE','APPLICATION_PROCESSING_COMPLETED_OUTCOME',1,NULL),(90,66,'APPLICATION_REJECTED_PENDING_EXPORT','APPLICATION_TERMINATE','APPLICATION_PROCESSING_COMPLETED_OUTCOME',1,NULL),(91,17,'APPLICATION_REJECTED_COMPLETED','APPLICATION_TERMINATE','APPLICATION_PROCESSING_COMPLETED_OUTCOME',1,NULL),(92,17,'APPLICATION_REJECTED_PENDING_EXPORT','APPLICATION_TERMINATE','APPLICATION_PROCESSING_COMPLETED_OUTCOME',1,NULL),(93,39,'APPLICATION_REJECTED_COMPLETED','APPLICATION_TERMINATE','APPLICATION_PROCESSING_COMPLETED_OUTCOME',1,NULL),(94,39,'APPLICATION_REJECTED_PENDING_EXPORT','APPLICATION_TERMINATE','APPLICATION_PROCESSING_COMPLETED_OUTCOME',1,NULL),(95,26,'APPLICATION_REJECTED_COMPLETED','APPLICATION_TERMINATE','APPLICATION_PROCESSING_COMPLETED_OUTCOME',1,NULL),(96,26,'APPLICATION_REJECTED_PENDING_EXPORT','APPLICATION_TERMINATE','APPLICATION_PROCESSING_COMPLETED_OUTCOME',1,NULL),(97,229,'APPLICATION_REJECTED_COMPLETED','APPLICATION_TERMINATE','APPLICATION_PROCESSING_COMPLETED_OUTCOME',1,NULL),(98,265,'APPLICATION_REJECTED_COMPLETED','APPLICATION_TERMINATE','APPLICATION_PROCESSING_COMPLETED_OUTCOME',1,NULL),(99,229,'APPLICATION_REJECTED_PENDING_EXPORT','APPLICATION_TERMINATE','APPLICATION_PROCESSING_COMPLETED_OUTCOME',1,NULL),(100,265,'APPLICATION_REJECTED_PENDING_EXPORT','APPLICATION_TERMINATE','APPLICATION_PROCESSING_COMPLETED_OUTCOME',1,NULL),(128,12,'APPLICATION_VALIDATION','SYSTEM_VIEW_APPLICATION_LIST',NULL,1,NULL),(129,20,'APPLICATION_VALIDATION_PENDING_FEEDBACK','SYSTEM_VIEW_APPLICATION_LIST',NULL,1,NULL),(130,34,'APPLICATION_VALIDATION_PENDING_COMPLETION','SYSTEM_VIEW_APPLICATION_LIST',NULL,1,NULL),(131,42,'APPLICATION_REVIEW','SYSTEM_VIEW_APPLICATION_LIST',NULL,1,NULL),(132,59,'APPLICATION_REVIEW_PENDING_FEEDBACK','SYSTEM_VIEW_APPLICATION_LIST',NULL,1,NULL),(133,74,'APPLICATION_REVIEW_PENDING_COMPLETION','SYSTEM_VIEW_APPLICATION_LIST',NULL,1,NULL),(134,89,'APPLICATION_INTERVIEW','SYSTEM_VIEW_APPLICATION_LIST',NULL,1,NULL),(135,106,'APPLICATION_INTERVIEW_PENDING_AVAILABILITY','SYSTEM_VIEW_APPLICATION_LIST',NULL,1,NULL),(136,121,'APPLICATION_INTERVIEW_PENDING_SCHEDULING','SYSTEM_VIEW_APPLICATION_LIST',NULL,1,NULL),(137,134,'APPLICATION_INTERVIEW_PENDING_INTERVIEW','SYSTEM_VIEW_APPLICATION_LIST',NULL,1,NULL),(138,149,'APPLICATION_INTERVIEW_PENDING_FEEDBACK','SYSTEM_VIEW_APPLICATION_LIST',NULL,1,NULL),(139,164,'APPLICATION_INTERVIEW_PENDING_COMPLETION','SYSTEM_VIEW_APPLICATION_LIST',NULL,1,NULL),(140,179,'APPLICATION_APPROVAL','SYSTEM_VIEW_APPLICATION_LIST',NULL,1,NULL),(141,194,'APPLICATION_APPROVAL_PENDING_FEEDBACK','SYSTEM_VIEW_APPLICATION_LIST',NULL,1,NULL),(142,209,'APPLICATION_APPROVAL_PENDING_COMPLETION','SYSTEM_VIEW_APPLICATION_LIST',NULL,1,NULL),(143,224,'APPLICATION_APPROVED','SYSTEM_VIEW_APPLICATION_LIST',NULL,1,NULL),(144,236,'APPLICATION_APPROVED_PENDING_EXPORT','SYSTEM_VIEW_APPLICATION_LIST',NULL,1,NULL),(145,244,'APPLICATION_APPROVED_PENDING_CORRECTION','SYSTEM_VIEW_APPLICATION_LIST',NULL,1,NULL),(146,250,'APPLICATION_APPROVED_COMPLETED','SYSTEM_VIEW_APPLICATION_LIST',NULL,1,NULL),(147,260,'APPLICATION_REJECTED','SYSTEM_VIEW_APPLICATION_LIST',NULL,1,NULL),(148,272,'APPLICATION_REJECTED_PENDING_EXPORT','SYSTEM_VIEW_APPLICATION_LIST',NULL,1,NULL),(149,280,'APPLICATION_REJECTED_PENDING_CORRECTION','SYSTEM_VIEW_APPLICATION_LIST',NULL,1,NULL),(150,286,'APPLICATION_REJECTED_COMPLETED','SYSTEM_VIEW_APPLICATION_LIST',NULL,1,NULL),(151,293,'APPLICATION_WITHDRAWN','SYSTEM_VIEW_APPLICATION_LIST',NULL,1,NULL),(152,301,'APPLICATION_WITHDRAWN_PENDING_CORRECTION','SYSTEM_VIEW_APPLICATION_LIST',NULL,1,NULL),(153,307,'APPLICATION_WITHDRAWN_COMPLETED','SYSTEM_VIEW_APPLICATION_LIST',NULL,1,NULL),(159,1,'APPLICATION_UNSUBMITTED','SYSTEM_VIEW_APPLICATION_LIST','APPLICATION_COMPLETED_OUTCOME',0,NULL),(160,8,'APPLICATION_UNSUBMITTED_PENDING_COMPLETION','SYSTEM_VIEW_APPLICATION_LIST','APPLICATION_COMPLETED_OUTCOME',0,NULL),(161,1,'APPLICATION_VALIDATION','SYSTEM_VIEW_APPLICATION_LIST','APPLICATION_COMPLETED_OUTCOME',1,NULL),(162,8,'APPLICATION_VALIDATION','SYSTEM_VIEW_APPLICATION_LIST','APPLICATION_COMPLETED_OUTCOME',1,NULL),(166,11,'APPLICATION_VALIDATION_PENDING_COMPLETION','SYSTEM_VIEW_APPLICATION_LIST','APPLICATION_ELIGIBILITY_ASSESSED_OUTCOME',1,NULL),(167,11,'APPLICATION_VALIDATION_PENDING_FEEDBACK','SYSTEM_VIEW_APPLICATION_LIST','APPLICATION_ELIGIBILITY_ASSESSED_OUTCOME',1,NULL),(169,25,'APPLICATION_VALIDATION_PENDING_COMPLETION','APPLICATION_ESCALATE',NULL,0,NULL),(170,18,'APPLICATION_VALIDATION_PENDING_COMPLETION','SYSTEM_VIEW_APPLICATION_LIST',NULL,1,NULL),(171,503,'APPLICATION_REVIEW','APPLICATION_VIEW_EDIT',NULL,1,NULL),(172,505,'APPLICATION_REVIEW_PENDING_FEEDBACK','APPLICATION_VIEW_EDIT',NULL,1,NULL),(173,504,'APPLICATION_REVIEW_PENDING_COMPLETION','APPLICATION_VIEW_EDIT',NULL,1,NULL),(174,493,'APPLICATION_INTERVIEW','APPLICATION_VIEW_EDIT',NULL,1,NULL),(175,494,'APPLICATION_INTERVIEW_PENDING_AVAILABILITY','APPLICATION_VIEW_EDIT',NULL,1,NULL),(176,498,'APPLICATION_INTERVIEW_PENDING_SCHEDULING','APPLICATION_VIEW_EDIT',NULL,1,NULL),(177,497,'APPLICATION_INTERVIEW_PENDING_INTERVIEW','APPLICATION_VIEW_EDIT',NULL,1,NULL),(178,496,'APPLICATION_INTERVIEW_PENDING_FEEDBACK','APPLICATION_VIEW_EDIT',NULL,1,NULL),(179,495,'APPLICATION_INTERVIEW_PENDING_COMPLETION','APPLICATION_VIEW_EDIT',NULL,1,NULL),(180,486,'APPLICATION_APPROVAL','APPLICATION_VIEW_EDIT',NULL,1,NULL),(181,506,'APPLICATION_VALIDATION','APPLICATION_VIEW_EDIT',NULL,1,NULL),(182,508,'APPLICATION_VALIDATION_PENDING_FEEDBACK','APPLICATION_VIEW_EDIT',NULL,1,NULL),(183,507,'APPLICATION_VALIDATION_PENDING_COMPLETION','APPLICATION_VIEW_EDIT',NULL,1,NULL),(202,190,'APPLICATION_REVIEW','APPLICATION_ASSIGN_REVIEWERS','APPLICATION_STAGE_COMPLETED_OUTCOME',1,0),(203,205,'APPLICATION_REVIEW','APPLICATION_ASSIGN_REVIEWERS','APPLICATION_STAGE_COMPLETED_OUTCOME',1,0),(204,103,'APPLICATION_REVIEW','APPLICATION_ASSIGN_REVIEWERS','APPLICATION_STAGE_COMPLETED_OUTCOME',1,0),(205,118,'APPLICATION_REVIEW','APPLICATION_ASSIGN_REVIEWERS','APPLICATION_STAGE_COMPLETED_OUTCOME',1,0),(206,131,'APPLICATION_REVIEW','APPLICATION_ASSIGN_REVIEWERS','APPLICATION_STAGE_COMPLETED_OUTCOME',1,0),(207,146,'APPLICATION_REVIEW','APPLICATION_ASSIGN_REVIEWERS','APPLICATION_STAGE_COMPLETED_OUTCOME',1,0),(208,161,'APPLICATION_REVIEW','APPLICATION_ASSIGN_REVIEWERS','APPLICATION_STAGE_COMPLETED_OUTCOME',1,0),(209,55,'APPLICATION_REVIEW','APPLICATION_ASSIGN_REVIEWERS','APPLICATION_STAGE_COMPLETED_OUTCOME',1,0),(210,70,'APPLICATION_REVIEW','APPLICATION_ASSIGN_REVIEWERS','APPLICATION_STAGE_COMPLETED_OUTCOME',1,0),(211,19,'APPLICATION_REVIEW','APPLICATION_ASSIGN_REVIEWERS','APPLICATION_STAGE_COMPLETED_OUTCOME',1,0),(212,33,'APPLICATION_REVIEW','APPLICATION_ASSIGN_REVIEWERS','APPLICATION_STAGE_COMPLETED_OUTCOME',1,0),(213,190,'APPLICATION_INTERVIEW','APPLICATION_ASSIGN_INTERVIEWERS','APPLICATION_STAGE_COMPLETED_OUTCOME',1,1),(214,205,'APPLICATION_INTERVIEW','APPLICATION_ASSIGN_INTERVIEWERS','APPLICATION_STAGE_COMPLETED_OUTCOME',1,1),(215,103,'APPLICATION_INTERVIEW','APPLICATION_ASSIGN_INTERVIEWERS','APPLICATION_STAGE_COMPLETED_OUTCOME',1,1),(216,118,'APPLICATION_INTERVIEW','APPLICATION_ASSIGN_INTERVIEWERS','APPLICATION_STAGE_COMPLETED_OUTCOME',1,1),(217,131,'APPLICATION_INTERVIEW','APPLICATION_ASSIGN_INTERVIEWERS','APPLICATION_STAGE_COMPLETED_OUTCOME',1,1),(218,146,'APPLICATION_INTERVIEW','APPLICATION_ASSIGN_INTERVIEWERS','APPLICATION_STAGE_COMPLETED_OUTCOME',1,1),(219,161,'APPLICATION_INTERVIEW','APPLICATION_ASSIGN_INTERVIEWERS','APPLICATION_STAGE_COMPLETED_OUTCOME',1,1),(220,55,'APPLICATION_INTERVIEW','APPLICATION_ASSIGN_INTERVIEWERS','APPLICATION_STAGE_COMPLETED_OUTCOME',1,1),(221,70,'APPLICATION_INTERVIEW','APPLICATION_ASSIGN_INTERVIEWERS','APPLICATION_STAGE_COMPLETED_OUTCOME',1,1),(222,19,'APPLICATION_INTERVIEW','APPLICATION_ASSIGN_INTERVIEWERS','APPLICATION_STAGE_COMPLETED_OUTCOME',1,1),(223,33,'APPLICATION_INTERVIEW','APPLICATION_ASSIGN_INTERVIEWERS','APPLICATION_STAGE_COMPLETED_OUTCOME',1,1),(224,190,'APPLICATION_APPROVAL','APPLICATION_ASSIGN_SUPERVISORS','APPLICATION_STAGE_COMPLETED_OUTCOME',1,2),(225,205,'APPLICATION_APPROVAL','APPLICATION_ASSIGN_SUPERVISORS','APPLICATION_STAGE_COMPLETED_OUTCOME',1,2),(226,103,'APPLICATION_APPROVAL','APPLICATION_ASSIGN_SUPERVISORS','APPLICATION_STAGE_COMPLETED_OUTCOME',1,2),(227,118,'APPLICATION_APPROVAL','APPLICATION_ASSIGN_SUPERVISORS','APPLICATION_STAGE_COMPLETED_OUTCOME',1,2),(228,131,'APPLICATION_APPROVAL','APPLICATION_ASSIGN_SUPERVISORS','APPLICATION_STAGE_COMPLETED_OUTCOME',1,2),(229,146,'APPLICATION_APPROVAL','APPLICATION_ASSIGN_SUPERVISORS','APPLICATION_STAGE_COMPLETED_OUTCOME',1,2),(230,161,'APPLICATION_APPROVAL','APPLICATION_ASSIGN_SUPERVISORS','APPLICATION_STAGE_COMPLETED_OUTCOME',1,2),(231,55,'APPLICATION_APPROVAL','APPLICATION_ASSIGN_SUPERVISORS','APPLICATION_STAGE_COMPLETED_OUTCOME',1,2),(232,70,'APPLICATION_APPROVAL','APPLICATION_ASSIGN_SUPERVISORS','APPLICATION_STAGE_COMPLETED_OUTCOME',1,2),(233,19,'APPLICATION_APPROVAL','APPLICATION_ASSIGN_SUPERVISORS','APPLICATION_STAGE_COMPLETED_OUTCOME',1,2),(234,33,'APPLICATION_APPROVAL','APPLICATION_ASSIGN_SUPERVISORS','APPLICATION_STAGE_COMPLETED_OUTCOME',1,2),(235,190,'APPLICATION_APPROVED','APPLICATION_CONFIRM_OFFER_RECOMMENDATION','APPLICATION_STAGE_COMPLETED_OUTCOME',1,3),(236,205,'APPLICATION_APPROVED','APPLICATION_CONFIRM_OFFER_RECOMMENDATION','APPLICATION_STAGE_COMPLETED_OUTCOME',1,3),(237,103,'APPLICATION_APPROVED','APPLICATION_CONFIRM_OFFER_RECOMMENDATION','APPLICATION_STAGE_COMPLETED_OUTCOME',1,3),(238,118,'APPLICATION_APPROVED','APPLICATION_CONFIRM_OFFER_RECOMMENDATION','APPLICATION_STAGE_COMPLETED_OUTCOME',1,3),(239,131,'APPLICATION_APPROVED','APPLICATION_CONFIRM_OFFER_RECOMMENDATION','APPLICATION_STAGE_COMPLETED_OUTCOME',1,3),(240,146,'APPLICATION_APPROVED','APPLICATION_CONFIRM_OFFER_RECOMMENDATION','APPLICATION_STAGE_COMPLETED_OUTCOME',1,3),(241,161,'APPLICATION_APPROVED','APPLICATION_CONFIRM_OFFER_RECOMMENDATION','APPLICATION_STAGE_COMPLETED_OUTCOME',1,3),(242,55,'APPLICATION_APPROVED','APPLICATION_CONFIRM_OFFER_RECOMMENDATION','APPLICATION_STAGE_COMPLETED_OUTCOME',1,3),(243,70,'APPLICATION_APPROVED','APPLICATION_CONFIRM_OFFER_RECOMMENDATION','APPLICATION_STAGE_COMPLETED_OUTCOME',1,3),(244,19,'APPLICATION_APPROVED','APPLICATION_CONFIRM_OFFER_RECOMMENDATION','APPLICATION_STAGE_COMPLETED_OUTCOME',1,3),(245,33,'APPLICATION_APPROVED','APPLICATION_CONFIRM_OFFER_RECOMMENDATION','APPLICATION_STAGE_COMPLETED_OUTCOME',1,3),(246,190,'APPLICATION_REJECTED','APPLICATION_CONFIRM_REJECTION','APPLICATION_STAGE_COMPLETED_OUTCOME',1,4),(247,205,'APPLICATION_REJECTED','APPLICATION_CONFIRM_REJECTION','APPLICATION_STAGE_COMPLETED_OUTCOME',1,4),(248,103,'APPLICATION_REJECTED','APPLICATION_CONFIRM_REJECTION','APPLICATION_STAGE_COMPLETED_OUTCOME',1,4),(249,118,'APPLICATION_REJECTED','APPLICATION_CONFIRM_REJECTION','APPLICATION_STAGE_COMPLETED_OUTCOME',1,4),(250,131,'APPLICATION_REJECTED','APPLICATION_CONFIRM_REJECTION','APPLICATION_STAGE_COMPLETED_OUTCOME',1,4),(251,146,'APPLICATION_REJECTED','APPLICATION_CONFIRM_REJECTION','APPLICATION_STAGE_COMPLETED_OUTCOME',1,4),(252,161,'APPLICATION_REJECTED','APPLICATION_CONFIRM_REJECTION','APPLICATION_STAGE_COMPLETED_OUTCOME',1,4),(253,55,'APPLICATION_REJECTED','APPLICATION_CONFIRM_REJECTION','APPLICATION_STAGE_COMPLETED_OUTCOME',1,4),(254,70,'APPLICATION_REJECTED','APPLICATION_CONFIRM_REJECTION','APPLICATION_STAGE_COMPLETED_OUTCOME',1,4),(255,19,'APPLICATION_REJECTED','APPLICATION_CONFIRM_REJECTION','APPLICATION_STAGE_COMPLETED_OUTCOME',1,4),(256,33,'APPLICATION_REJECTED','APPLICATION_CONFIRM_REJECTION','APPLICATION_STAGE_COMPLETED_OUTCOME',1,4),(265,41,'APPLICATION_INTERVIEW','APPLICATION_ASSIGN_INTERVIEWERS','APPLICATION_STAGE_COMPLETED_OUTCOME',1,0),(266,41,'APPLICATION_APPROVAL','APPLICATION_ASSIGN_SUPERVISORS','APPLICATION_STAGE_COMPLETED_OUTCOME',1,1),(267,41,'APPLICATION_APPROVED','APPLICATION_CONFIRM_OFFER_RECOMMENDATION','APPLICATION_STAGE_COMPLETED_OUTCOME',1,2),(268,41,'APPLICATION_REJECTED','APPLICATION_CONFIRM_REJECTION','APPLICATION_STAGE_COMPLETED_OUTCOME',1,3),(269,86,'APPLICATION_REVIEW','APPLICATION_ASSIGN_REVIEWERS','APPLICATION_STAGE_COMPLETED_OUTCOME',1,0),(270,86,'APPLICATION_APPROVAL','APPLICATION_ASSIGN_SUPERVISORS','APPLICATION_STAGE_COMPLETED_OUTCOME',1,1),(271,86,'APPLICATION_APPROVED','APPLICATION_CONFIRM_OFFER_RECOMMENDATION','APPLICATION_STAGE_COMPLETED_OUTCOME',1,2),(272,86,'APPLICATION_REJECTED','APPLICATION_CONFIRM_REJECTION','APPLICATION_STAGE_COMPLETED_OUTCOME',1,3),(273,176,'APPLICATION_REVIEW','APPLICATION_ASSIGN_REVIEWERS','APPLICATION_STAGE_COMPLETED_OUTCOME',1,0),(274,176,'APPLICATION_INTERVIEW','APPLICATION_ASSIGN_INTERVIEWERS','APPLICATION_STAGE_COMPLETED_OUTCOME',1,1),(275,176,'APPLICATION_APPROVED','APPLICATION_CONFIRM_OFFER_RECOMMENDATION','APPLICATION_STAGE_COMPLETED_OUTCOME',1,2),(276,176,'APPLICATION_REJECTED','APPLICATION_CONFIRM_REJECTION','APPLICATION_STAGE_COMPLETED_OUTCOME',1,3),(277,221,'APPLICATION_REVIEW','APPLICATION_ASSIGN_REVIEWERS','APPLICATION_STAGE_COMPLETED_OUTCOME',1,0),(278,221,'APPLICATION_INTERVIEW','APPLICATION_ASSIGN_INTERVIEWERS','APPLICATION_STAGE_COMPLETED_OUTCOME',1,1),(279,221,'APPLICATION_APPROVAL','APPLICATION_ASSIGN_SUPERVISORS','APPLICATION_STAGE_COMPLETED_OUTCOME',1,2),(280,221,'APPLICATION_REJECTED','APPLICATION_CONFIRM_REJECTION','APPLICATION_STAGE_COMPLETED_OUTCOME',1,3),(281,257,'APPLICATION_REVIEW','APPLICATION_ASSIGN_REVIEWERS','APPLICATION_STAGE_COMPLETED_OUTCOME',1,0),(282,257,'APPLICATION_INTERVIEW','APPLICATION_ASSIGN_INTERVIEWERS','APPLICATION_STAGE_COMPLETED_OUTCOME',1,1),(283,257,'APPLICATION_APPROVAL','APPLICATION_ASSIGN_SUPERVISORS','APPLICATION_STAGE_COMPLETED_OUTCOME',1,2),(284,257,'APPLICATION_APPROVED','APPLICATION_CONFIRM_OFFER_RECOMMENDATION','APPLICATION_STAGE_COMPLETED_OUTCOME',1,3),(296,48,'APPLICATION_REVIEW','SYSTEM_VIEW_APPLICATION_LIST',NULL,1,NULL),(297,57,'APPLICATION_REVIEW_PENDING_FEEDBACK','SYSTEM_VIEW_APPLICATION_LIST',NULL,1,NULL),(298,72,'APPLICATION_REVIEW_PENDING_COMPLETION','SYSTEM_VIEW_APPLICATION_LIST',NULL,1,NULL),(299,87,'APPLICATION_INTERVIEW','SYSTEM_VIEW_APPLICATION_LIST',NULL,1,NULL),(300,104,'APPLICATION_INTERVIEW_PENDING_AVAILABILITY','SYSTEM_VIEW_APPLICATION_LIST',NULL,1,NULL),(301,119,'APPLICATION_INTERVIEW_PENDING_SCHEDULING','SYSTEM_VIEW_APPLICATION_LIST',NULL,1,NULL),(302,132,'APPLICATION_INTERVIEW_PENDING_INTERVIEW','SYSTEM_VIEW_APPLICATION_LIST',NULL,1,NULL),(303,147,'APPLICATION_INTERVIEW_PENDING_FEEDBACK','SYSTEM_VIEW_APPLICATION_LIST',NULL,1,NULL),(304,162,'APPLICATION_INTERVIEW_PENDING_COMPLETION','SYSTEM_VIEW_APPLICATION_LIST',NULL,1,NULL),(305,177,'APPLICATION_APPROVAL','SYSTEM_VIEW_APPLICATION_LIST',NULL,1,NULL),(306,192,'APPLICATION_APPROVAL_PENDING_FEEDBACK','SYSTEM_VIEW_APPLICATION_LIST',NULL,1,NULL),(307,207,'APPLICATION_APPROVAL_PENDING_COMPLETION','SYSTEM_VIEW_APPLICATION_LIST',NULL,1,NULL),(308,222,'APPLICATION_APPROVED','SYSTEM_VIEW_APPLICATION_LIST',NULL,1,NULL),(309,258,'APPLICATION_REJECTED','SYSTEM_VIEW_APPLICATION_LIST',NULL,1,NULL),(311,40,'APPLICATION_REVIEW_PENDING_FEEDBACK','SYSTEM_VIEW_APPLICATION_LIST',NULL,1,NULL),(312,56,'APPLICATION_REVIEW_PENDING_FEEDBACK','SYSTEM_VIEW_APPLICATION_LIST','APPLICATION_REVIEW_OUTCOME',1,NULL),(313,56,'APPLICATION_REVIEW_PENDING_COMPLETION','SYSTEM_VIEW_APPLICATION_LIST','APPLICATION_REVIEW_OUTCOME',0,NULL),(314,71,'APPLICATION_REVIEW_PENDING_COMPLETION','SYSTEM_VIEW_APPLICATION_LIST',NULL,1,NULL),(315,65,'APPLICATION_REVIEW_PENDING_COMPLETION','APPLICATION_ESCALATE',NULL,0,NULL),(316,85,'APPLICATION_INTERVIEW_PENDING_AVAILABILITY','SYSTEM_VIEW_APPLICATION_LIST','APPLICATION_INTERVIEW_SCHEDULED_OUTCOME',1,NULL),(317,85,'APPLICATION_INTERVIEW_PENDING_FEEDBACK','SYSTEM_VIEW_APPLICATION_LIST','APPLICATION_INTERVIEW_SCHEDULED_OUTCOME',1,NULL),(318,85,'APPLICATION_INTERVIEW_PENDING_INTERVIEW','SYSTEM_VIEW_APPLICATION_LIST','APPLICATION_INTERVIEW_SCHEDULED_OUTCOME',1,NULL),(319,100,'APPLICATION_INTERVIEW_PENDING_AVAILABILITY','SYSTEM_VIEW_APPLICATION_LIST','APPLICATION_INTERVIEW_AVAILABILITY_OUTCOME',1,NULL),(320,100,'APPLICATION_INTERVIEW_PENDING_SCHEDULING','SYSTEM_VIEW_APPLICATION_LIST','APPLICATION_INTERVIEW_AVAILABILITY_OUTCOME',0,NULL),(321,115,'APPLICATION_INTERVIEW_PENDING_SCHEDULING','SYSTEM_VIEW_APPLICATION_LIST',NULL,1,NULL),(322,112,'APPLICATION_INTERVIEW_PENDING_SCHEDULING','APPLICATION_ESCALATE',NULL,0,NULL),(323,102,'APPLICATION_INTERVIEW','SYSTEM_VIEW_APPLICATION_LIST','APPLICATION_INTERVIEW_SCHEDULED_OUTCOME',1,NULL),(324,117,'APPLICATION_INTERVIEW','SYSTEM_VIEW_APPLICATION_LIST','APPLICATION_INTERVIEW_SCHEDULED_OUTCOME',1,NULL),(325,102,'APPLICATION_INTERVIEW_PENDING_FEEDBACK','SYSTEM_VIEW_APPLICATION_LIST','APPLICATION_INTERVIEW_SCHEDULED_OUTCOME',1,NULL),(326,117,'APPLICATION_INTERVIEW_PENDING_FEEDBACK','SYSTEM_VIEW_APPLICATION_LIST','APPLICATION_INTERVIEW_SCHEDULED_OUTCOME',1,NULL),(327,102,'APPLICATION_INTERVIEW_PENDING_INTERVIEW','SYSTEM_VIEW_APPLICATION_LIST','APPLICATION_INTERVIEW_SCHEDULED_OUTCOME',1,NULL),(328,117,'APPLICATION_INTERVIEW_PENDING_INTERVIEW','SYSTEM_VIEW_APPLICATION_LIST','APPLICATION_INTERVIEW_SCHEDULED_OUTCOME',1,NULL),(330,130,'APPLICATION_INTERVIEW_PENDING_SCHEDULING','SYSTEM_VIEW_APPLICATION_LIST',NULL,1,NULL),(331,140,'APPLICATION_INTERVIEW_PENDING_FEEDBACK','APPLICATION_ESCALATE',NULL,0,NULL),(332,145,'APPLICATION_INTERVIEW_PENDING_FEEDBACK','SYSTEM_VIEW_APPLICATION_LIST','APPLICATION_INTERVIEW_FEEDBACK_OUTCOME',1,NULL),(333,145,'APPLICATION_INTERVIEW_PENDING_COMPLETION','SYSTEM_VIEW_APPLICATION_LIST','APPLICATION_INTERVIEW_FEEDBACK_OUTCOME',0,NULL),(334,160,'APPLICATION_INTERVIEW_PENDING_COMPLETION','SYSTEM_VIEW_APPLICATION_LIST',NULL,1,NULL),(335,155,'APPLICATION_INTERVIEW_PENDING_COMPLETION','APPLICATION_ESCALATE',NULL,0,NULL),(336,175,'APPLICATION_APPROVAL_PENDING_FEEDBACK','SYSTEM_VIEW_APPLICATION_LIST',NULL,1,NULL),(337,191,'APPLICATION_APPROVAL_PENDING_FEEDBACK','SYSTEM_VIEW_APPLICATION_LIST','APPLICATION_CONFIRM_SUPERVISION_OUTCOME',1,NULL),(338,191,'APPLICATION_APPROVAL_PENDING_COMPLETION','SYSTEM_VIEW_APPLICATION_LIST','APPLICATION_CONFIRM_SUPERVISION_OUTCOME',0,NULL),(339,206,'APPLICATION_APPROVAL_PENDING_COMPLETION','SYSTEM_VIEW_APPLICATION_LIST',NULL,1,NULL),(340,199,'APPLICATION_APPROVAL_PENDING_COMPLETION','APPLICATION_ESCALATE',NULL,0,NULL),(341,220,'APPLICATION_APPROVED_PENDING_EXPORT','SYSTEM_VIEW_APPLICATION_LIST','APPLICATION_PROCESSING_COMPLETED_OUTCOME',1,NULL),(342,220,'APPLICATION_APPROVED_COMPLETED','SYSTEM_VIEW_APPLICATION_LIST','APPLICATION_PROCESSING_COMPLETED_OUTCOME',1,NULL),(344,256,'APPLICATION_REJECTED_PENDING_EXPORT','SYSTEM_VIEW_APPLICATION_LIST','APPLICATION_PROCESSING_COMPLETED_OUTCOME',1,NULL),(345,256,'APPLICATION_REJECTED_COMPLETED','SYSTEM_VIEW_APPLICATION_LIST','APPLICATION_PROCESSING_COMPLETED_OUTCOME',1,NULL),(347,240,'APPLICATION_APPROVED_COMPLETED','APPLICATION_EXPORT','APPLICATION_EXPORTED_OUTCOME',1,NULL),(348,240,'APPLICATION_APPROVED_PENDING_EXPORT','APPLICATION_EXPORT','APPLICATION_EXPORTED_OUTCOME',1,NULL),(349,240,'APPLICATION_APPROVED_PENDING_CORRECTION','APPLICATION_EXPORT','APPLICATION_EXPORTED_OUTCOME',1,NULL),(350,491,'APPLICATION_APPROVED_PENDING_EXPORT','SYSTEM_VIEW_APPLICATION_LIST',NULL,1,NULL),(351,276,'APPLICATION_REJECTED_COMPLETED','APPLICATION_EXPORT','APPLICATION_EXPORTED_OUTCOME',1,NULL),(352,276,'APPLICATION_REJECTED_PENDING_EXPORT','APPLICATION_EXPORT','APPLICATION_EXPORTED_OUTCOME',1,NULL),(353,276,'APPLICATION_REJECTED_PENDING_CORRECTION','APPLICATION_EXPORT','APPLICATION_EXPORTED_OUTCOME',1,NULL),(354,501,'APPLICATION_REJECTED_PENDING_EXPORT','SYSTEM_VIEW_APPLICATION_LIST',NULL,1,NULL),(355,297,'APPLICATION_WITHDRAWN_COMPLETED','APPLICATION_EXPORT','APPLICATION_EXPORTED_OUTCOME',1,NULL),(356,297,'APPLICATION_WITHDRAWN','APPLICATION_EXPORT','APPLICATION_EXPORTED_OUTCOME',1,NULL),(357,297,'APPLICATION_WITHDRAWN_PENDING_CORRECTION','APPLICATION_EXPORT','APPLICATION_EXPORTED_OUTCOME',1,NULL),(358,511,'APPLICATION_WITHDRAWN','SYSTEM_VIEW_APPLICATION_LIST',NULL,1,NULL),(359,401,'SYSTEM_APPROVED','SYSTEM_CREATE_INSTITUTION',NULL,0,NULL),(360,395,'PROGRAM_APPROVED','INSTITUTION_IMPORT_PROGRAM',NULL,1,NULL),(361,394,'PROGRAM_APPROVAL','SYSTEM_VIEW_PROGRAM_LIST','PROGRAM_CREATED_OUTCOME',1,NULL),(362,394,'PROGRAM_APPROVED','SYSTEM_VIEW_PROGRAM_LIST','PROGRAM_CREATED_OUTCOME',1,NULL),(364,349,'PROGRAM_APPROVAL','SYSTEM_VIEW_PROGRAM_LIST','PROGRAM_APPROVED_OUTCOME',1,NULL),(365,349,'PROGRAM_APPROVAL_PENDING_CORRECTION','SYSTEM_VIEW_PROGRAM_LIST','PROGRAM_APPROVED_OUTCOME',1,NULL),(366,349,'PROGRAM_APPROVED','SYSTEM_VIEW_PROGRAM_LIST','PROGRAM_APPROVED_OUTCOME',1,NULL),(367,349,'PROGRAM_REJECTED','SYSTEM_VIEW_PROGRAM_LIST','PROGRAM_APPROVED_OUTCOME',1,NULL),(371,518,'PROGRAM_APPROVAL','SYSTEM_VIEW_PROGRAM_LIST',NULL,1,NULL),(372,355,'PROGRAM_WITHDRAWN','SYSTEM_VIEW_PROGRAM_LIST',NULL,1,NULL),(373,362,'PROGRAM_APPROVAL','PROGRAM_CONFIGURE','PROGRAM_CONFIGURED_OUTCOME',1,NULL),(374,362,'PROGRAM_APPROVED','PROGRAM_CONFIGURE','PROGRAM_CONFIGURED_OUTCOME',1,NULL),(375,362,'PROGRAM_DEACTIVATED','PROGRAM_CONFIGURE','PROGRAM_CONFIGURED_OUTCOME',1,NULL),(376,362,'PROGRAM_DISABLED','PROGRAM_CONFIGURE','PROGRAM_CONFIGURED_OUTCOME',1,NULL),(377,368,'PROGRAM_APPROVAL','PROGRAM_CONFIGURE','PROGRAM_CONFIGURED_OUTCOME',1,NULL),(378,368,'PROGRAM_APPROVED','PROGRAM_CONFIGURE','PROGRAM_CONFIGURED_OUTCOME',1,NULL),(379,368,'PROGRAM_DEACTIVATED','PROGRAM_CONFIGURE','PROGRAM_CONFIGURED_OUTCOME',1,NULL),(380,368,'PROGRAM_DISABLED','PROGRAM_CONFIGURE','PROGRAM_CONFIGURED_OUTCOME',1,NULL),(381,378,'PROGRAM_APPROVAL','PROGRAM_CONFIGURE','PROGRAM_CONFIGURED_OUTCOME',1,NULL),(382,378,'PROGRAM_APPROVED','PROGRAM_CONFIGURE','PROGRAM_CONFIGURED_OUTCOME',1,NULL),(383,378,'PROGRAM_DEACTIVATED','PROGRAM_CONFIGURE','PROGRAM_CONFIGURED_OUTCOME',1,NULL),(384,378,'PROGRAM_DISABLED_PENDING_REACTIVATION','PROGRAM_CONFIGURE','PROGRAM_CONFIGURED_OUTCOME',1,NULL),(385,378,'PROGRAM_DISABLED','PROGRAM_CONFIGURE','PROGRAM_CONFIGURED_OUTCOME',1,NULL),(388,359,'APPLICATION_UNSUBMITTED','APPLICATION_COMPLETE',NULL,1,NULL),(389,364,'PROGRAM_DISABLED_PENDING_REACTIVATION','PROGRAM_ESCALATE','PROGRAM_EXPIRED_OUTCOME',1,NULL),(390,370,'PROGRAM_DISABLED_PENDING_REACTIVATION','PROGRAM_ESCALATE','PROGRAM_EXPIRED_OUTCOME',1,NULL),(391,364,'PROGRAM_DISABLED_PENDING_IMPORT_REACTIVATION','PROGRAM_ESCALATE','PROGRAM_EXPIRED_OUTCOME',1,NULL),(392,370,'PROGRAM_DISABLED_PENDING_IMPORT_REACTIVATION','PROGRAM_ESCALATE','PROGRAM_EXPIRED_OUTCOME',1,NULL),(396,374,'PROGRAM_DISABLED_COMPLETED','PROGRAM_ESCALATE',NULL,1,NULL),(397,384,'PROGRAM_DISABLED_COMPLETED','PROGRAM_ESCALATE',NULL,1,NULL),(398,377,'PROGRAM_DISABLED_COMPLETED','PROGRAM_ESCALATE',NULL,1,NULL),(399,360,'PROGRAM_APPROVED','PROGRAM_CONCLUDE','APPLICATION_RECRUITMENT_OUTCOME',1,NULL),(400,360,'PROGRAM_DEACTIVATED','PROGRAM_CONCLUDE','APPLICATION_RECRUITMENT_OUTCOME',1,NULL),(401,360,'PROGRAM_DISABLED_COMPLETED','PROGRAM_CONCLUDE','APPLICATION_RECRUITMENT_OUTCOME',1,NULL),(402,366,'PROGRAM_DEACTIVATED','PROGRAM_CONCLUDE','APPLICATION_RECRUITMENT_OUTCOME',1,NULL),(403,366,'PROGRAM_DISABLED_COMPLETED','PROGRAM_CONCLUDE','APPLICATION_RECRUITMENT_OUTCOME',1,NULL),(404,373,'PROGRAM_DISABLED','PROGRAM_CONCLUDE','APPLICATION_RECRUITMENT_OUTCOME',1,NULL),(405,373,'PROGRAM_DISABLED_COMPLETED','PROGRAM_CONCLUDE','APPLICATION_RECRUITMENT_OUTCOME',1,NULL),(406,376,'PROGRAM_DISABLED_COMPLETED','PROGRAM_CONCLUDE','APPLICATION_RECRUITMENT_OUTCOME',1,NULL),(407,376,'PROGRAM_DISABLED_PENDING_REACTIVATION','PROGRAM_CONCLUDE','APPLICATION_RECRUITMENT_OUTCOME',1,NULL),(408,383,'PROGRAM_DISABLED_COMPLETED','PROGRAM_CONCLUDE','APPLICATION_RECRUITMENT_OUTCOME',1,NULL),(409,383,'PROGRAM_DISABLED_PENDING_IMPORT_REACTIVATION','PROGRAM_CONCLUDE','APPLICATION_RECRUITMENT_OUTCOME',1,NULL),(414,385,'PROGRAM_APPROVED','PROGRAM_RESTORE','PROGRAM_REACTIVATED_OUTCOME',1,NULL),(415,385,'PROGRAM_DEACTIVATED','PROGRAM_RESTORE','PROGRAM_REACTIVATED_OUTCOME',1,NULL),(417,361,'PROJECT_APPROVED','SYSTEM_VIEW_PROGRAM_LIST',NULL,1,NULL),(418,367,'PROJECT_APPROVED','SYSTEM_VIEW_PROGRAM_LIST',NULL,1,NULL),(420,315,'PROJECT_APPROVED','PROJECT_CONFIGURE','PROJECT_CONFIGURED_OUTCOME',1,NULL),(421,315,'PROJECT_DEACTIVATED','PROJECT_CONFIGURE','PROJECT_CONFIGURED_OUTCOME',1,NULL),(422,315,'PROJECT_DISABLED','PROJECT_CONFIGURE','PROJECT_CONFIGURED_OUTCOME',1,NULL),(423,321,'PROJECT_APPROVED','PROJECT_CONFIGURE','PROJECT_CONFIGURED_OUTCOME',1,NULL),(424,321,'PROJECT_DEACTIVATED','PROJECT_CONFIGURE','PROJECT_CONFIGURED_OUTCOME',1,NULL),(425,321,'PROJECT_DISABLED','PROJECT_CONFIGURE','PROJECT_CONFIGURED_OUTCOME',1,NULL),(426,337,'PROJECT_APPROVED','PROJECT_CONFIGURE','PROJECT_CONFIGURED_OUTCOME',1,NULL),(427,337,'PROJECT_DEACTIVATED','PROJECT_CONFIGURE','PROJECT_CONFIGURED_OUTCOME',1,NULL),(428,337,'PROJECT_DISABLED_PENDING_REACTIVATION','PROJECT_CONFIGURE','PROJECT_CONFIGURED_OUTCOME',1,NULL),(429,337,'PROJECT_DISABLED','PROJECT_CONFIGURE','PROJECT_CONFIGURED_OUTCOME',1,NULL),(435,313,'APPLICATION_UNSUBMITTED','APPLICATION_COMPLETE',NULL,1,NULL),(436,317,'PROJECT_DISABLED_PENDING_REACTIVATION','PROJECT_ESCALATE',NULL,1,NULL),(437,323,'PROJECT_DISABLED_PENDING_REACTIVATION','PROJECT_ESCALATE',NULL,1,NULL),(438,319,'PROJECT_DISABLED_PENDING_PROGRAM_REACTIVATION','PROJECT_SUSPEND',NULL,1,NULL),(439,325,'PROJECT_DISABLED_PENDING_PROGRAM_REACTIVATION','PROJECT_SUSPEND',NULL,1,NULL),(440,336,'PROJECT_DISABLED_PENDING_PROGRAM_REACTIVATION','PROJECT_SUSPEND',NULL,1,NULL),(443,328,'PROJECT_DISABLED_COMPLETED','PROJECT_ESCALATE',NULL,1,NULL),(444,335,'PROJECT_DISABLED_COMPLETED','PROJECT_ESCALATE',NULL,1,NULL),(445,318,'PROJECT_DISABLED_COMPLETED','PROJECT_TERMINATE',NULL,1,NULL),(446,324,'PROJECT_DISABLED_COMPLETED','PROJECT_TERMINATE',NULL,1,NULL),(447,329,'PROJECT_DISABLED_COMPLETED','PROJECT_TERMINATE',NULL,1,NULL),(448,342,'PROJECT_DISABLED_COMPLETED','PROJECT_TERMINATE',NULL,1,NULL),(450,314,'PROJECT_APPROVED','PROJECT_CONCLUDE','APPLICATION_RECRUITMENT_OUTCOME',1,NULL),(451,314,'PROJECT_DEACTIVATED','PROJECT_CONCLUDE','APPLICATION_RECRUITMENT_OUTCOME',1,NULL),(452,314,'PROJECT_DISABLED_COMPLETED','PROJECT_CONCLUDE','APPLICATION_RECRUITMENT_OUTCOME',1,NULL),(453,320,'PROJECT_DEACTIVATED','PROJECT_CONCLUDE','APPLICATION_RECRUITMENT_OUTCOME',1,NULL),(454,320,'PROJECT_DISABLED_COMPLETED','PROJECT_CONCLUDE','APPLICATION_RECRUITMENT_OUTCOME',1,NULL),(455,327,'PROJECT_DISABLED','PROJECT_CONCLUDE','APPLICATION_RECRUITMENT_OUTCOME',1,NULL),(456,327,'PROJECT_DISABLED_COMPLETED','PROJECT_CONCLUDE','APPLICATION_RECRUITMENT_OUTCOME',1,NULL),(457,334,'PROJECT_DISABLED_COMPLETED','PROJECT_CONCLUDE','APPLICATION_RECRUITMENT_OUTCOME',1,NULL),(458,334,'PROJECT_DISABLED_PENDING_REACTIVATION','PROJECT_CONCLUDE','APPLICATION_RECRUITMENT_OUTCOME',1,NULL),(459,341,'PROJECT_DISABLED_COMPLETED','PROJECT_CONCLUDE','APPLICATION_RECRUITMENT_OUTCOME',1,NULL),(460,341,'PROJECT_DISABLED_PENDING_PROGRAM_REACTIVATION','PROJECT_CONCLUDE','APPLICATION_RECRUITMENT_OUTCOME',1,NULL),(465,343,'PROJECT_APPROVED','PROJECT_RESTORE','PROJECT_REACTIVATED_OUTCOME',1,NULL),(466,343,'PROJECT_DEACTIVATED','PROJECT_RESTORE','PROJECT_REACTIVATED_OUTCOME',1,NULL),(467,343,'PROJECT_DISABLED_PENDING_REACTIVATION','PROJECT_RESTORE','PROJECT_REACTIVATED_OUTCOME',1,NULL),(468,484,'PROGRAM_APPROVED','PROGRAM_RESTORE',NULL,1,NULL),(469,485,'PROGRAM_APPROVED','PROGRAM_RESTORE',NULL,1,NULL),(471,532,'APPLICATION_APPROVED_PENDING_EXPORT','SYSTEM_VIEW_APPLICATION_LIST',NULL,1,NULL),(472,533,'APPLICATION_REJECTED_PENDING_EXPORT','SYSTEM_VIEW_APPLICATION_LIST',NULL,1,NULL),(473,534,'APPLICATION_WITHDRAWN','SYSTEM_VIEW_APPLICATION_LIST',NULL,1,NULL);
/*!40000 ALTER TABLE `state_transition` ENABLE KEYS */;
UNLOCK TABLES;

--
-- Dumping data for table `role_transition`
--

LOCK TABLES `role_transition` WRITE;
/*!40000 ALTER TABLE `role_transition` DISABLE KEYS */;
INSERT INTO `role_transition` (`id`, `state_transition_id`, `role_id`, `role_transition_type`, `restrict_to_action_owner`, `transition_role_id`, `minimum_permitted`, `maximum_permitted`) VALUES (1,4,'APPLICATION_REFEREE','UPDATE',0,'APPLICATION_VIEWER_REFEREE',NULL,NULL),(2,5,'APPLICATION_REFEREE','UPDATE',0,'APPLICATION_VIEWER_REFEREE',NULL,NULL),(3,6,'APPLICATION_REFEREE','UPDATE',0,'APPLICATION_VIEWER_REFEREE',NULL,NULL),(4,7,'APPLICATION_REFEREE','UPDATE',0,'APPLICATION_VIEWER_REFEREE',NULL,NULL),(5,8,'APPLICATION_REFEREE','UPDATE',0,'APPLICATION_VIEWER_REFEREE',NULL,NULL),(6,9,'APPLICATION_REFEREE','UPDATE',0,'APPLICATION_VIEWER_REFEREE',NULL,NULL),(7,10,'APPLICATION_REFEREE','UPDATE',0,'APPLICATION_VIEWER_REFEREE',NULL,NULL),(8,11,'APPLICATION_REFEREE','UPDATE',0,'APPLICATION_VIEWER_REFEREE',NULL,NULL),(9,12,'APPLICATION_REFEREE','UPDATE',0,'APPLICATION_VIEWER_REFEREE',NULL,NULL),(10,13,'APPLICATION_REFEREE','UPDATE',0,'APPLICATION_VIEWER_REFEREE',NULL,NULL),(11,14,'APPLICATION_REFEREE','UPDATE',0,'APPLICATION_VIEWER_REFEREE',NULL,NULL),(12,15,'APPLICATION_REFEREE','UPDATE',0,'APPLICATION_VIEWER_REFEREE',NULL,NULL),(13,16,'APPLICATION_REFEREE','UPDATE',0,'APPLICATION_VIEWER_REFEREE',NULL,NULL),(14,17,'APPLICATION_REFEREE','UPDATE',0,'APPLICATION_VIEWER_REFEREE',NULL,NULL),(15,18,'APPLICATION_REFEREE','UPDATE',0,'APPLICATION_VIEWER_REFEREE',NULL,NULL),(16,19,'APPLICATION_REFEREE','UPDATE',0,'APPLICATION_VIEWER_REFEREE',NULL,NULL),(17,20,'APPLICATION_REFEREE','UPDATE',0,'APPLICATION_VIEWER_REFEREE',NULL,NULL),(18,21,'APPLICATION_REFEREE','UPDATE',0,'APPLICATION_VIEWER_REFEREE',NULL,NULL),(19,22,'APPLICATION_REFEREE','UPDATE',0,'APPLICATION_VIEWER_REFEREE',NULL,NULL),(20,23,'APPLICATION_REFEREE','UPDATE',0,'APPLICATION_VIEWER_REFEREE',NULL,NULL),(21,24,'APPLICATION_REFEREE','UPDATE',0,'APPLICATION_VIEWER_REFEREE',NULL,NULL),(22,25,'APPLICATION_REFEREE','UPDATE',0,'APPLICATION_VIEWER_REFEREE',NULL,NULL),(23,26,'APPLICATION_REFEREE','UPDATE',0,'APPLICATION_VIEWER_REFEREE',NULL,NULL),(24,27,'APPLICATION_REFEREE','UPDATE',0,'APPLICATION_VIEWER_REFEREE',NULL,NULL),(25,28,'APPLICATION_REFEREE','UPDATE',0,'APPLICATION_VIEWER_REFEREE',NULL,NULL),(26,29,'APPLICATION_REFEREE','UPDATE',0,'APPLICATION_VIEWER_REFEREE',NULL,NULL),(27,30,'APPLICATION_REFEREE','UPDATE',0,'APPLICATION_VIEWER_REFEREE',NULL,NULL),(28,31,'APPLICATION_REFEREE','UPDATE',0,'APPLICATION_VIEWER_REFEREE',NULL,NULL),(29,32,'APPLICATION_REFEREE','UPDATE',0,'APPLICATION_VIEWER_REFEREE',NULL,NULL),(30,33,'APPLICATION_REFEREE','UPDATE',0,'APPLICATION_VIEWER_REFEREE',NULL,NULL),(31,34,'APPLICATION_REFEREE','UPDATE',0,'APPLICATION_VIEWER_REFEREE',NULL,NULL),(32,36,'APPLICATION_REFEREE','UPDATE',0,'APPLICATION_VIEWER_REFEREE',NULL,NULL),(33,35,'APPLICATION_REFEREE','UPDATE',0,'APPLICATION_VIEWER_REFEREE',NULL,NULL),(34,37,'APPLICATION_REFEREE','UPDATE',0,'APPLICATION_VIEWER_REFEREE',NULL,NULL),(35,4,'APPLICATION_ADMINISTRATOR','UPDATE',0,'APPLICATION_VIEWER_RECRUITER',NULL,NULL),(36,5,'APPLICATION_ADMINISTRATOR','UPDATE',0,'APPLICATION_VIEWER_RECRUITER',NULL,NULL),(37,6,'APPLICATION_ADMINISTRATOR','UPDATE',0,'APPLICATION_VIEWER_RECRUITER',NULL,NULL),(38,7,'APPLICATION_ADMINISTRATOR','UPDATE',0,'APPLICATION_VIEWER_RECRUITER',NULL,NULL),(39,8,'APPLICATION_ADMINISTRATOR','UPDATE',0,'APPLICATION_VIEWER_RECRUITER',NULL,NULL),(40,9,'APPLICATION_ADMINISTRATOR','UPDATE',0,'APPLICATION_VIEWER_RECRUITER',NULL,NULL),(41,10,'APPLICATION_ADMINISTRATOR','UPDATE',0,'APPLICATION_VIEWER_RECRUITER',NULL,NULL),(42,11,'APPLICATION_ADMINISTRATOR','UPDATE',0,'APPLICATION_VIEWER_RECRUITER',NULL,NULL),(43,12,'APPLICATION_ADMINISTRATOR','UPDATE',0,'APPLICATION_VIEWER_RECRUITER',NULL,NULL),(44,13,'APPLICATION_ADMINISTRATOR','UPDATE',0,'APPLICATION_VIEWER_RECRUITER',NULL,NULL),(45,14,'APPLICATION_ADMINISTRATOR','UPDATE',0,'APPLICATION_VIEWER_RECRUITER',NULL,NULL),(46,15,'APPLICATION_ADMINISTRATOR','UPDATE',0,'APPLICATION_VIEWER_RECRUITER',NULL,NULL),(47,16,'APPLICATION_ADMINISTRATOR','UPDATE',0,'APPLICATION_VIEWER_RECRUITER',NULL,NULL),(48,17,'APPLICATION_ADMINISTRATOR','UPDATE',0,'APPLICATION_VIEWER_RECRUITER',NULL,NULL),(49,18,'APPLICATION_ADMINISTRATOR','UPDATE',0,'APPLICATION_VIEWER_RECRUITER',NULL,NULL),(50,19,'APPLICATION_ADMINISTRATOR','UPDATE',0,'APPLICATION_VIEWER_RECRUITER',NULL,NULL),(51,20,'APPLICATION_ADMINISTRATOR','UPDATE',0,'APPLICATION_VIEWER_RECRUITER',NULL,NULL),(52,21,'APPLICATION_ADMINISTRATOR','UPDATE',0,'APPLICATION_VIEWER_RECRUITER',NULL,NULL),(53,22,'APPLICATION_ADMINISTRATOR','UPDATE',0,'APPLICATION_VIEWER_RECRUITER',NULL,NULL),(54,23,'APPLICATION_ADMINISTRATOR','UPDATE',0,'APPLICATION_VIEWER_RECRUITER',NULL,NULL),(55,24,'APPLICATION_ADMINISTRATOR','UPDATE',0,'APPLICATION_VIEWER_RECRUITER',NULL,NULL),(56,25,'APPLICATION_ADMINISTRATOR','UPDATE',0,'APPLICATION_VIEWER_RECRUITER',NULL,NULL),(57,26,'APPLICATION_ADMINISTRATOR','UPDATE',0,'APPLICATION_VIEWER_RECRUITER',NULL,NULL),(58,27,'APPLICATION_ADMINISTRATOR','UPDATE',0,'APPLICATION_VIEWER_RECRUITER',NULL,NULL),(59,24,'APPLICATION_REVIEWER','UPDATE',0,'APPLICATION_VIEWER_RECRUITER',NULL,NULL),(60,25,'APPLICATION_REVIEWER','UPDATE',0,'APPLICATION_VIEWER_RECRUITER',NULL,NULL),(61,26,'APPLICATION_REVIEWER','UPDATE',0,'APPLICATION_VIEWER_RECRUITER',NULL,NULL),(62,27,'APPLICATION_REVIEWER','UPDATE',0,'APPLICATION_VIEWER_RECRUITER',NULL,NULL),(63,12,'APPLICATION_INTERVIEWER','UPDATE',0,'APPLICATION_VIEWER_RECRUITER',NULL,NULL),(64,13,'APPLICATION_INTERVIEWER','UPDATE',0,'APPLICATION_VIEWER_RECRUITER',NULL,NULL),(65,14,'APPLICATION_INTERVIEWER','UPDATE',0,'APPLICATION_VIEWER_RECRUITER',NULL,NULL),(66,15,'APPLICATION_INTERVIEWER','UPDATE',0,'APPLICATION_VIEWER_RECRUITER',NULL,NULL),(67,16,'APPLICATION_INTERVIEWER','UPDATE',0,'APPLICATION_VIEWER_RECRUITER',NULL,NULL),(68,17,'APPLICATION_INTERVIEWER','UPDATE',0,'APPLICATION_VIEWER_RECRUITER',NULL,NULL),(69,18,'APPLICATION_INTERVIEWER','UPDATE',0,'APPLICATION_VIEWER_RECRUITER',NULL,NULL),(70,19,'APPLICATION_INTERVIEWER','UPDATE',0,'APPLICATION_VIEWER_RECRUITER',NULL,NULL),(71,20,'APPLICATION_INTERVIEWER','UPDATE',0,'APPLICATION_VIEWER_RECRUITER',NULL,NULL),(72,21,'APPLICATION_INTERVIEWER','UPDATE',0,'APPLICATION_VIEWER_RECRUITER',NULL,NULL),(73,12,'APPLICATION_INTERVIEWEE','REJOIN',0,'APPLICATION_CREATOR',NULL,NULL),(74,13,'APPLICATION_INTERVIEWEE','REJOIN',0,'APPLICATION_CREATOR',NULL,NULL),(75,18,'APPLICATION_INTERVIEWEE','REJOIN',0,'APPLICATION_CREATOR',NULL,NULL),(76,19,'APPLICATION_INTERVIEWEE','REJOIN',0,'APPLICATION_CREATOR',NULL,NULL),(77,20,'APPLICATION_INTERVIEWEE','REJOIN',0,'APPLICATION_CREATOR',NULL,NULL),(78,21,'APPLICATION_INTERVIEWEE','REJOIN',0,'APPLICATION_CREATOR',NULL,NULL),(79,12,'APPLICATION_POTENTIAL_INTERVIEWEE','REJOIN',0,'APPLICATION_CREATOR',NULL,NULL),(80,13,'APPLICATION_POTENTIAL_INTERVIEWEE','REJOIN',0,'APPLICATION_CREATOR',NULL,NULL),(81,20,'APPLICATION_POTENTIAL_INTERVIEWEE','REJOIN',0,'APPLICATION_CREATOR',NULL,NULL),(82,21,'APPLICATION_POTENTIAL_INTERVIEWEE','REJOIN',0,'APPLICATION_CREATOR',NULL,NULL),(83,12,'APPLICATION_POTENTIAL_INTERVIEWER','UPDATE',0,'APPLICATION_VIEWER_RECRUITER',NULL,NULL),(84,13,'APPLICATION_POTENTIAL_INTERVIEWER','UPDATE',0,'APPLICATION_VIEWER_RECRUITER',NULL,NULL),(85,20,'APPLICATION_POTENTIAL_INTERVIEWER','UPDATE',0,'APPLICATION_VIEWER_RECRUITER',NULL,NULL),(86,21,'APPLICATION_POTENTIAL_INTERVIEWER','UPDATE',0,'APPLICATION_VIEWER_RECRUITER',NULL,NULL),(87,6,'APPLICATION_PRIMARY_SUPERVISOR','UPDATE',0,'APPLICATION_VIEWER_RECRUITER',NULL,NULL),(88,7,'APPLICATION_PRIMARY_SUPERVISOR','UPDATE',0,'APPLICATION_VIEWER_RECRUITER',NULL,NULL),(89,6,'APPLICATION_SECONDARY_SUPERVISOR','UPDATE',0,'APPLICATION_VIEWER_RECRUITER',NULL,NULL),(90,7,'APPLICATION_SECONDARY_SUPERVISOR','UPDATE',0,'APPLICATION_VIEWER_RECRUITER',NULL,NULL),(91,8,'APPLICATION_PRIMARY_SUPERVISOR','UPDATE',0,'APPLICATION_VIEWER_RECRUITER',NULL,NULL),(92,9,'APPLICATION_PRIMARY_SUPERVISOR','UPDATE',0,'APPLICATION_VIEWER_RECRUITER',NULL,NULL),(93,8,'APPLICATION_SECONDARY_SUPERVISOR','UPDATE',0,'APPLICATION_VIEWER_RECRUITER',NULL,NULL),(94,9,'APPLICATION_SECONDARY_SUPERVISOR','UPDATE',0,'APPLICATION_VIEWER_RECRUITER',NULL,NULL),(128,67,'APPLICATION_REFEREE','UPDATE',0,'APPLICATION_VIEWER_REFEREE',NULL,NULL),(129,68,'APPLICATION_REFEREE','UPDATE',0,'APPLICATION_VIEWER_REFEREE',NULL,NULL),(130,69,'APPLICATION_REFEREE','UPDATE',0,'APPLICATION_VIEWER_REFEREE',NULL,NULL),(131,70,'APPLICATION_REFEREE','UPDATE',0,'APPLICATION_VIEWER_REFEREE',NULL,NULL),(132,71,'APPLICATION_REFEREE','UPDATE',0,'APPLICATION_VIEWER_REFEREE',NULL,NULL),(133,72,'APPLICATION_REFEREE','UPDATE',0,'APPLICATION_VIEWER_REFEREE',NULL,NULL),(134,73,'APPLICATION_REFEREE','UPDATE',0,'APPLICATION_VIEWER_REFEREE',NULL,NULL),(135,74,'APPLICATION_REFEREE','UPDATE',0,'APPLICATION_VIEWER_REFEREE',NULL,NULL),(136,75,'APPLICATION_REFEREE','UPDATE',0,'APPLICATION_VIEWER_REFEREE',NULL,NULL),(137,76,'APPLICATION_REFEREE','UPDATE',0,'APPLICATION_VIEWER_REFEREE',NULL,NULL),(138,77,'APPLICATION_REFEREE','UPDATE',0,'APPLICATION_VIEWER_REFEREE',NULL,NULL),(139,78,'APPLICATION_REFEREE','UPDATE',0,'APPLICATION_VIEWER_REFEREE',NULL,NULL),(140,79,'APPLICATION_REFEREE','UPDATE',0,'APPLICATION_VIEWER_REFEREE',NULL,NULL),(141,80,'APPLICATION_REFEREE','UPDATE',0,'APPLICATION_VIEWER_REFEREE',NULL,NULL),(142,81,'APPLICATION_REFEREE','UPDATE',0,'APPLICATION_VIEWER_REFEREE',NULL,NULL),(143,82,'APPLICATION_REFEREE','UPDATE',0,'APPLICATION_VIEWER_REFEREE',NULL,NULL),(144,83,'APPLICATION_REFEREE','UPDATE',0,'APPLICATION_VIEWER_REFEREE',NULL,NULL),(145,84,'APPLICATION_REFEREE','UPDATE',0,'APPLICATION_VIEWER_REFEREE',NULL,NULL),(146,85,'APPLICATION_REFEREE','UPDATE',0,'APPLICATION_VIEWER_REFEREE',NULL,NULL),(147,86,'APPLICATION_REFEREE','UPDATE',0,'APPLICATION_VIEWER_REFEREE',NULL,NULL),(148,87,'APPLICATION_REFEREE','UPDATE',0,'APPLICATION_VIEWER_REFEREE',NULL,NULL),(149,88,'APPLICATION_REFEREE','UPDATE',0,'APPLICATION_VIEWER_REFEREE',NULL,NULL),(150,89,'APPLICATION_REFEREE','UPDATE',0,'APPLICATION_VIEWER_REFEREE',NULL,NULL),(151,90,'APPLICATION_REFEREE','UPDATE',0,'APPLICATION_VIEWER_REFEREE',NULL,NULL),(152,91,'APPLICATION_REFEREE','UPDATE',0,'APPLICATION_VIEWER_REFEREE',NULL,NULL),(153,92,'APPLICATION_REFEREE','UPDATE',0,'APPLICATION_VIEWER_REFEREE',NULL,NULL),(154,93,'APPLICATION_REFEREE','UPDATE',0,'APPLICATION_VIEWER_REFEREE',NULL,NULL),(155,94,'APPLICATION_REFEREE','UPDATE',0,'APPLICATION_VIEWER_REFEREE',NULL,NULL),(156,95,'APPLICATION_REFEREE','UPDATE',0,'APPLICATION_VIEWER_REFEREE',NULL,NULL),(157,96,'APPLICATION_REFEREE','UPDATE',0,'APPLICATION_VIEWER_REFEREE',NULL,NULL),(158,97,'APPLICATION_REFEREE','UPDATE',0,'APPLICATION_VIEWER_REFEREE',NULL,NULL),(159,99,'APPLICATION_REFEREE','UPDATE',0,'APPLICATION_VIEWER_REFEREE',NULL,NULL),(160,98,'APPLICATION_REFEREE','UPDATE',0,'APPLICATION_VIEWER_REFEREE',NULL,NULL),(161,100,'APPLICATION_REFEREE','UPDATE',0,'APPLICATION_VIEWER_REFEREE',NULL,NULL),(162,67,'APPLICATION_ADMINISTRATOR','UPDATE',0,'APPLICATION_VIEWER_RECRUITER',NULL,NULL),(163,68,'APPLICATION_ADMINISTRATOR','UPDATE',0,'APPLICATION_VIEWER_RECRUITER',NULL,NULL),(164,69,'APPLICATION_ADMINISTRATOR','UPDATE',0,'APPLICATION_VIEWER_RECRUITER',NULL,NULL),(165,70,'APPLICATION_ADMINISTRATOR','UPDATE',0,'APPLICATION_VIEWER_RECRUITER',NULL,NULL),(166,71,'APPLICATION_ADMINISTRATOR','UPDATE',0,'APPLICATION_VIEWER_RECRUITER',NULL,NULL),(167,72,'APPLICATION_ADMINISTRATOR','UPDATE',0,'APPLICATION_VIEWER_RECRUITER',NULL,NULL),(168,73,'APPLICATION_ADMINISTRATOR','UPDATE',0,'APPLICATION_VIEWER_RECRUITER',NULL,NULL),(169,74,'APPLICATION_ADMINISTRATOR','UPDATE',0,'APPLICATION_VIEWER_RECRUITER',NULL,NULL),(170,75,'APPLICATION_ADMINISTRATOR','UPDATE',0,'APPLICATION_VIEWER_RECRUITER',NULL,NULL),(171,76,'APPLICATION_ADMINISTRATOR','UPDATE',0,'APPLICATION_VIEWER_RECRUITER',NULL,NULL),(172,77,'APPLICATION_ADMINISTRATOR','UPDATE',0,'APPLICATION_VIEWER_RECRUITER',NULL,NULL),(173,78,'APPLICATION_ADMINISTRATOR','UPDATE',0,'APPLICATION_VIEWER_RECRUITER',NULL,NULL),(174,79,'APPLICATION_ADMINISTRATOR','UPDATE',0,'APPLICATION_VIEWER_RECRUITER',NULL,NULL),(175,80,'APPLICATION_ADMINISTRATOR','UPDATE',0,'APPLICATION_VIEWER_RECRUITER',NULL,NULL),(176,81,'APPLICATION_ADMINISTRATOR','UPDATE',0,'APPLICATION_VIEWER_RECRUITER',NULL,NULL),(177,82,'APPLICATION_ADMINISTRATOR','UPDATE',0,'APPLICATION_VIEWER_RECRUITER',NULL,NULL),(178,83,'APPLICATION_ADMINISTRATOR','UPDATE',0,'APPLICATION_VIEWER_RECRUITER',NULL,NULL),(179,84,'APPLICATION_ADMINISTRATOR','UPDATE',0,'APPLICATION_VIEWER_RECRUITER',NULL,NULL),(180,85,'APPLICATION_ADMINISTRATOR','UPDATE',0,'APPLICATION_VIEWER_RECRUITER',NULL,NULL),(181,86,'APPLICATION_ADMINISTRATOR','UPDATE',0,'APPLICATION_VIEWER_RECRUITER',NULL,NULL),(182,87,'APPLICATION_ADMINISTRATOR','UPDATE',0,'APPLICATION_VIEWER_RECRUITER',NULL,NULL),(183,88,'APPLICATION_ADMINISTRATOR','UPDATE',0,'APPLICATION_VIEWER_RECRUITER',NULL,NULL),(184,89,'APPLICATION_ADMINISTRATOR','UPDATE',0,'APPLICATION_VIEWER_RECRUITER',NULL,NULL),(185,90,'APPLICATION_ADMINISTRATOR','UPDATE',0,'APPLICATION_VIEWER_RECRUITER',NULL,NULL),(186,87,'APPLICATION_REVIEWER','UPDATE',0,'APPLICATION_VIEWER_RECRUITER',NULL,NULL),(187,88,'APPLICATION_REVIEWER','UPDATE',0,'APPLICATION_VIEWER_RECRUITER',NULL,NULL),(188,89,'APPLICATION_REVIEWER','UPDATE',0,'APPLICATION_VIEWER_RECRUITER',NULL,NULL),(189,90,'APPLICATION_REVIEWER','UPDATE',0,'APPLICATION_VIEWER_RECRUITER',NULL,NULL),(190,75,'APPLICATION_INTERVIEWER','UPDATE',0,'APPLICATION_VIEWER_RECRUITER',NULL,NULL),(191,76,'APPLICATION_INTERVIEWER','UPDATE',0,'APPLICATION_VIEWER_RECRUITER',NULL,NULL),(192,77,'APPLICATION_INTERVIEWER','UPDATE',0,'APPLICATION_VIEWER_RECRUITER',NULL,NULL),(193,78,'APPLICATION_INTERVIEWER','UPDATE',0,'APPLICATION_VIEWER_RECRUITER',NULL,NULL),(194,79,'APPLICATION_INTERVIEWER','UPDATE',0,'APPLICATION_VIEWER_RECRUITER',NULL,NULL),(195,80,'APPLICATION_INTERVIEWER','UPDATE',0,'APPLICATION_VIEWER_RECRUITER',NULL,NULL),(196,81,'APPLICATION_INTERVIEWER','UPDATE',0,'APPLICATION_VIEWER_RECRUITER',NULL,NULL),(197,82,'APPLICATION_INTERVIEWER','UPDATE',0,'APPLICATION_VIEWER_RECRUITER',NULL,NULL),(198,83,'APPLICATION_INTERVIEWER','UPDATE',0,'APPLICATION_VIEWER_RECRUITER',NULL,NULL),(199,84,'APPLICATION_INTERVIEWER','UPDATE',0,'APPLICATION_VIEWER_RECRUITER',NULL,NULL),(200,75,'APPLICATION_INTERVIEWEE','REJOIN',0,'APPLICATION_CREATOR',NULL,NULL),(201,76,'APPLICATION_INTERVIEWEE','REJOIN',0,'APPLICATION_CREATOR',NULL,NULL),(202,81,'APPLICATION_INTERVIEWEE','REJOIN',0,'APPLICATION_CREATOR',NULL,NULL),(203,82,'APPLICATION_INTERVIEWEE','REJOIN',0,'APPLICATION_CREATOR',NULL,NULL),(204,83,'APPLICATION_INTERVIEWEE','REJOIN',0,'APPLICATION_CREATOR',NULL,NULL),(205,84,'APPLICATION_INTERVIEWEE','REJOIN',0,'APPLICATION_CREATOR',NULL,NULL),(206,75,'APPLICATION_POTENTIAL_INTERVIEWEE','REJOIN',0,'APPLICATION_CREATOR',NULL,NULL),(207,76,'APPLICATION_POTENTIAL_INTERVIEWEE','REJOIN',0,'APPLICATION_CREATOR',NULL,NULL),(208,83,'APPLICATION_POTENTIAL_INTERVIEWEE','REJOIN',0,'APPLICATION_CREATOR',NULL,NULL),(209,84,'APPLICATION_POTENTIAL_INTERVIEWEE','REJOIN',0,'APPLICATION_CREATOR',NULL,NULL),(210,75,'APPLICATION_POTENTIAL_INTERVIEWER','UPDATE',0,'APPLICATION_VIEWER_RECRUITER',NULL,NULL),(211,76,'APPLICATION_POTENTIAL_INTERVIEWER','UPDATE',0,'APPLICATION_VIEWER_RECRUITER',NULL,NULL),(212,83,'APPLICATION_POTENTIAL_INTERVIEWER','UPDATE',0,'APPLICATION_VIEWER_RECRUITER',NULL,NULL),(213,84,'APPLICATION_POTENTIAL_INTERVIEWER','UPDATE',0,'APPLICATION_VIEWER_RECRUITER',NULL,NULL),(214,69,'APPLICATION_PRIMARY_SUPERVISOR','UPDATE',0,'APPLICATION_VIEWER_RECRUITER',NULL,NULL),(215,70,'APPLICATION_PRIMARY_SUPERVISOR','UPDATE',0,'APPLICATION_VIEWER_RECRUITER',NULL,NULL),(216,69,'APPLICATION_SECONDARY_SUPERVISOR','UPDATE',0,'APPLICATION_VIEWER_RECRUITER',NULL,NULL),(217,70,'APPLICATION_SECONDARY_SUPERVISOR','UPDATE',0,'APPLICATION_VIEWER_RECRUITER',NULL,NULL),(218,71,'APPLICATION_PRIMARY_SUPERVISOR','UPDATE',0,'APPLICATION_VIEWER_RECRUITER',NULL,NULL),(219,72,'APPLICATION_PRIMARY_SUPERVISOR','UPDATE',0,'APPLICATION_VIEWER_RECRUITER',NULL,NULL),(220,71,'APPLICATION_SECONDARY_SUPERVISOR','UPDATE',0,'APPLICATION_VIEWER_RECRUITER',NULL,NULL),(221,72,'APPLICATION_SECONDARY_SUPERVISOR','UPDATE',0,'APPLICATION_VIEWER_RECRUITER',NULL,NULL),(255,159,'APPLICATION_REFEREE','CREATE',0,'APPLICATION_REFEREE',3,3),(256,161,'APPLICATION_REFEREE','CREATE',0,'APPLICATION_REFEREE',3,3),(257,160,'APPLICATION_REFEREE','CREATE',0,'APPLICATION_REFEREE',3,3),(258,162,'APPLICATION_REFEREE','CREATE',0,'APPLICATION_REFEREE',3,3),(259,159,'APPLICATION_SUGGESTED_SUPERVISOR','CREATE',0,'APPLICATION_SUGGESTED_SUPERVISOR',NULL,NULL),(260,161,'APPLICATION_SUGGESTED_SUPERVISOR','CREATE',0,'APPLICATION_SUGGESTED_SUPERVISOR',NULL,NULL),(261,160,'APPLICATION_SUGGESTED_SUPERVISOR','CREATE',0,'APPLICATION_SUGGESTED_SUPERVISOR',NULL,NULL),(262,162,'APPLICATION_SUGGESTED_SUPERVISOR','CREATE',0,'APPLICATION_SUGGESTED_SUPERVISOR',NULL,NULL),(270,211,'APPLICATION_ADMINISTRATOR','CREATE',0,'APPLICATION_ADMINISTRATOR',NULL,1),(271,222,'APPLICATION_ADMINISTRATOR','CREATE',0,'APPLICATION_ADMINISTRATOR',NULL,1),(272,233,'APPLICATION_ADMINISTRATOR','CREATE',0,'APPLICATION_ADMINISTRATOR',NULL,1),(273,212,'APPLICATION_ADMINISTRATOR','CREATE',0,'APPLICATION_ADMINISTRATOR',NULL,1),(274,223,'APPLICATION_ADMINISTRATOR','CREATE',0,'APPLICATION_ADMINISTRATOR',NULL,1),(275,234,'APPLICATION_ADMINISTRATOR','CREATE',0,'APPLICATION_ADMINISTRATOR',NULL,1),(276,231,'APPLICATION_ADMINISTRATOR','UPDATE',0,'APPLICATION_VIEWER_RECRUITER',NULL,NULL),(277,220,'APPLICATION_ADMINISTRATOR','UPDATE',0,'APPLICATION_VIEWER_RECRUITER',NULL,NULL),(278,209,'APPLICATION_ADMINISTRATOR','UPDATE',0,'APPLICATION_VIEWER_RECRUITER',NULL,NULL),(279,232,'APPLICATION_ADMINISTRATOR','UPDATE',0,'APPLICATION_VIEWER_RECRUITER',NULL,NULL),(280,221,'APPLICATION_ADMINISTRATOR','UPDATE',0,'APPLICATION_VIEWER_RECRUITER',NULL,NULL),(281,210,'APPLICATION_ADMINISTRATOR','UPDATE',0,'APPLICATION_VIEWER_RECRUITER',NULL,NULL),(282,226,'APPLICATION_ADMINISTRATOR','UPDATE',0,'APPLICATION_VIEWER_RECRUITER',NULL,NULL),(283,215,'APPLICATION_ADMINISTRATOR','UPDATE',0,'APPLICATION_VIEWER_RECRUITER',NULL,NULL),(284,204,'APPLICATION_ADMINISTRATOR','UPDATE',0,'APPLICATION_VIEWER_RECRUITER',NULL,NULL),(285,227,'APPLICATION_ADMINISTRATOR','UPDATE',0,'APPLICATION_VIEWER_RECRUITER',NULL,NULL),(286,216,'APPLICATION_ADMINISTRATOR','UPDATE',0,'APPLICATION_VIEWER_RECRUITER',NULL,NULL),(287,205,'APPLICATION_ADMINISTRATOR','UPDATE',0,'APPLICATION_VIEWER_RECRUITER',NULL,NULL),(288,228,'APPLICATION_ADMINISTRATOR','UPDATE',0,'APPLICATION_VIEWER_RECRUITER',NULL,NULL),(289,217,'APPLICATION_ADMINISTRATOR','UPDATE',0,'APPLICATION_VIEWER_RECRUITER',NULL,NULL),(290,206,'APPLICATION_ADMINISTRATOR','UPDATE',0,'APPLICATION_VIEWER_RECRUITER',NULL,NULL),(291,229,'APPLICATION_ADMINISTRATOR','UPDATE',0,'APPLICATION_VIEWER_RECRUITER',NULL,NULL),(292,218,'APPLICATION_ADMINISTRATOR','UPDATE',0,'APPLICATION_VIEWER_RECRUITER',NULL,NULL),(293,207,'APPLICATION_ADMINISTRATOR','UPDATE',0,'APPLICATION_VIEWER_RECRUITER',NULL,NULL),(294,230,'APPLICATION_ADMINISTRATOR','UPDATE',0,'APPLICATION_VIEWER_RECRUITER',NULL,NULL),(295,219,'APPLICATION_ADMINISTRATOR','UPDATE',0,'APPLICATION_VIEWER_RECRUITER',NULL,NULL),(296,208,'APPLICATION_ADMINISTRATOR','UPDATE',0,'APPLICATION_VIEWER_RECRUITER',NULL,NULL),(297,224,'APPLICATION_ADMINISTRATOR','UPDATE',0,'APPLICATION_VIEWER_RECRUITER',NULL,NULL),(298,213,'APPLICATION_ADMINISTRATOR','UPDATE',0,'APPLICATION_VIEWER_RECRUITER',NULL,NULL),(299,202,'APPLICATION_ADMINISTRATOR','UPDATE',0,'APPLICATION_VIEWER_RECRUITER',NULL,NULL),(300,225,'APPLICATION_ADMINISTRATOR','UPDATE',0,'APPLICATION_VIEWER_RECRUITER',NULL,NULL),(301,214,'APPLICATION_ADMINISTRATOR','UPDATE',0,'APPLICATION_VIEWER_RECRUITER',NULL,NULL),(302,203,'APPLICATION_ADMINISTRATOR','UPDATE',0,'APPLICATION_VIEWER_RECRUITER',NULL,NULL),(303,231,'APPLICATION_ADMINISTRATOR','CREATE',0,'APPLICATION_ADMINISTRATOR',NULL,1),(304,220,'APPLICATION_ADMINISTRATOR','CREATE',0,'APPLICATION_ADMINISTRATOR',NULL,1),(305,209,'APPLICATION_ADMINISTRATOR','CREATE',0,'APPLICATION_ADMINISTRATOR',NULL,1),(306,232,'APPLICATION_ADMINISTRATOR','CREATE',0,'APPLICATION_ADMINISTRATOR',NULL,1),(307,221,'APPLICATION_ADMINISTRATOR','CREATE',0,'APPLICATION_ADMINISTRATOR',NULL,1),(308,210,'APPLICATION_ADMINISTRATOR','CREATE',0,'APPLICATION_ADMINISTRATOR',NULL,1),(309,226,'APPLICATION_ADMINISTRATOR','CREATE',0,'APPLICATION_ADMINISTRATOR',NULL,1),(310,215,'APPLICATION_ADMINISTRATOR','CREATE',0,'APPLICATION_ADMINISTRATOR',NULL,1),(311,204,'APPLICATION_ADMINISTRATOR','CREATE',0,'APPLICATION_ADMINISTRATOR',NULL,1),(312,227,'APPLICATION_ADMINISTRATOR','CREATE',0,'APPLICATION_ADMINISTRATOR',NULL,1),(313,216,'APPLICATION_ADMINISTRATOR','CREATE',0,'APPLICATION_ADMINISTRATOR',NULL,1),(314,205,'APPLICATION_ADMINISTRATOR','CREATE',0,'APPLICATION_ADMINISTRATOR',NULL,1),(315,228,'APPLICATION_ADMINISTRATOR','CREATE',0,'APPLICATION_ADMINISTRATOR',NULL,1),(316,217,'APPLICATION_ADMINISTRATOR','CREATE',0,'APPLICATION_ADMINISTRATOR',NULL,1),(317,206,'APPLICATION_ADMINISTRATOR','CREATE',0,'APPLICATION_ADMINISTRATOR',NULL,1),(318,229,'APPLICATION_ADMINISTRATOR','CREATE',0,'APPLICATION_ADMINISTRATOR',NULL,1),(319,218,'APPLICATION_ADMINISTRATOR','CREATE',0,'APPLICATION_ADMINISTRATOR',NULL,1),(320,207,'APPLICATION_ADMINISTRATOR','CREATE',0,'APPLICATION_ADMINISTRATOR',NULL,1),(321,230,'APPLICATION_ADMINISTRATOR','CREATE',0,'APPLICATION_ADMINISTRATOR',NULL,1),(322,219,'APPLICATION_ADMINISTRATOR','CREATE',0,'APPLICATION_ADMINISTRATOR',NULL,1),(323,208,'APPLICATION_ADMINISTRATOR','CREATE',0,'APPLICATION_ADMINISTRATOR',NULL,1),(324,224,'APPLICATION_ADMINISTRATOR','CREATE',0,'APPLICATION_ADMINISTRATOR',NULL,1),(325,213,'APPLICATION_ADMINISTRATOR','CREATE',0,'APPLICATION_ADMINISTRATOR',NULL,1),(326,202,'APPLICATION_ADMINISTRATOR','CREATE',0,'APPLICATION_ADMINISTRATOR',NULL,1),(327,225,'APPLICATION_ADMINISTRATOR','CREATE',0,'APPLICATION_ADMINISTRATOR',NULL,1),(328,214,'APPLICATION_ADMINISTRATOR','CREATE',0,'APPLICATION_ADMINISTRATOR',NULL,1),(329,203,'APPLICATION_ADMINISTRATOR','CREATE',0,'APPLICATION_ADMINISTRATOR',NULL,1),(330,235,'APPLICATION_ADMINISTRATOR','UPDATE',0,'APPLICATION_VIEWER_RECRUITER',NULL,NULL),(331,236,'APPLICATION_ADMINISTRATOR','UPDATE',0,'APPLICATION_VIEWER_RECRUITER',NULL,NULL),(332,237,'APPLICATION_ADMINISTRATOR','UPDATE',0,'APPLICATION_VIEWER_RECRUITER',NULL,NULL),(333,238,'APPLICATION_ADMINISTRATOR','UPDATE',0,'APPLICATION_VIEWER_RECRUITER',NULL,NULL),(334,239,'APPLICATION_ADMINISTRATOR','UPDATE',0,'APPLICATION_VIEWER_RECRUITER',NULL,NULL),(335,240,'APPLICATION_ADMINISTRATOR','UPDATE',0,'APPLICATION_VIEWER_RECRUITER',NULL,NULL),(336,241,'APPLICATION_ADMINISTRATOR','UPDATE',0,'APPLICATION_VIEWER_RECRUITER',NULL,NULL),(337,242,'APPLICATION_ADMINISTRATOR','UPDATE',0,'APPLICATION_VIEWER_RECRUITER',NULL,NULL),(338,243,'APPLICATION_ADMINISTRATOR','UPDATE',0,'APPLICATION_VIEWER_RECRUITER',NULL,NULL),(339,246,'APPLICATION_ADMINISTRATOR','UPDATE',0,'APPLICATION_VIEWER_RECRUITER',NULL,NULL),(340,247,'APPLICATION_ADMINISTRATOR','UPDATE',0,'APPLICATION_VIEWER_RECRUITER',NULL,NULL),(341,248,'APPLICATION_ADMINISTRATOR','UPDATE',0,'APPLICATION_VIEWER_RECRUITER',NULL,NULL),(342,249,'APPLICATION_ADMINISTRATOR','UPDATE',0,'APPLICATION_VIEWER_RECRUITER',NULL,NULL),(343,250,'APPLICATION_ADMINISTRATOR','UPDATE',0,'APPLICATION_VIEWER_RECRUITER',NULL,NULL),(344,251,'APPLICATION_ADMINISTRATOR','UPDATE',0,'APPLICATION_VIEWER_RECRUITER',NULL,NULL),(345,252,'APPLICATION_ADMINISTRATOR','UPDATE',0,'APPLICATION_VIEWER_RECRUITER',NULL,NULL),(346,253,'APPLICATION_ADMINISTRATOR','UPDATE',0,'APPLICATION_VIEWER_RECRUITER',NULL,NULL),(347,254,'APPLICATION_ADMINISTRATOR','UPDATE',0,'APPLICATION_VIEWER_RECRUITER',NULL,NULL),(348,209,'APPLICATION_REVIEWER','UPDATE',0,'APPLICATION_VIEWER_RECRUITER',NULL,NULL),(349,220,'APPLICATION_REVIEWER','UPDATE',0,'APPLICATION_VIEWER_RECRUITER',NULL,NULL),(350,231,'APPLICATION_REVIEWER','UPDATE',0,'APPLICATION_VIEWER_RECRUITER',NULL,NULL),(351,242,'APPLICATION_REVIEWER','UPDATE',0,'APPLICATION_VIEWER_RECRUITER',NULL,NULL),(352,253,'APPLICATION_REVIEWER','UPDATE',0,'APPLICATION_VIEWER_RECRUITER',NULL,NULL),(353,210,'APPLICATION_REVIEWER','UPDATE',0,'APPLICATION_VIEWER_RECRUITER',NULL,NULL),(354,221,'APPLICATION_REVIEWER','UPDATE',0,'APPLICATION_VIEWER_RECRUITER',NULL,NULL),(355,232,'APPLICATION_REVIEWER','UPDATE',0,'APPLICATION_VIEWER_RECRUITER',NULL,NULL),(356,243,'APPLICATION_REVIEWER','UPDATE',0,'APPLICATION_VIEWER_RECRUITER',NULL,NULL),(357,254,'APPLICATION_REVIEWER','UPDATE',0,'APPLICATION_VIEWER_RECRUITER',NULL,NULL),(358,204,'APPLICATION_INTERVIEWER','UPDATE',0,'APPLICATION_VIEWER_RECRUITER',NULL,NULL),(359,215,'APPLICATION_INTERVIEWER','UPDATE',0,'APPLICATION_VIEWER_RECRUITER',NULL,NULL),(360,226,'APPLICATION_INTERVIEWER','UPDATE',0,'APPLICATION_VIEWER_RECRUITER',NULL,NULL),(361,237,'APPLICATION_INTERVIEWER','UPDATE',0,'APPLICATION_VIEWER_RECRUITER',NULL,NULL),(362,248,'APPLICATION_INTERVIEWER','UPDATE',0,'APPLICATION_VIEWER_RECRUITER',NULL,NULL),(363,205,'APPLICATION_INTERVIEWER','UPDATE',0,'APPLICATION_VIEWER_RECRUITER',NULL,NULL),(364,216,'APPLICATION_INTERVIEWER','UPDATE',0,'APPLICATION_VIEWER_RECRUITER',NULL,NULL),(365,227,'APPLICATION_INTERVIEWER','UPDATE',0,'APPLICATION_VIEWER_RECRUITER',NULL,NULL),(366,238,'APPLICATION_INTERVIEWER','UPDATE',0,'APPLICATION_VIEWER_RECRUITER',NULL,NULL),(367,249,'APPLICATION_INTERVIEWER','UPDATE',0,'APPLICATION_VIEWER_RECRUITER',NULL,NULL),(368,206,'APPLICATION_INTERVIEWER','UPDATE',0,'APPLICATION_VIEWER_RECRUITER',NULL,NULL),(369,217,'APPLICATION_INTERVIEWER','UPDATE',0,'APPLICATION_VIEWER_RECRUITER',NULL,NULL),(370,228,'APPLICATION_INTERVIEWER','UPDATE',0,'APPLICATION_VIEWER_RECRUITER',NULL,NULL),(371,239,'APPLICATION_INTERVIEWER','UPDATE',0,'APPLICATION_VIEWER_RECRUITER',NULL,NULL),(372,250,'APPLICATION_INTERVIEWER','UPDATE',0,'APPLICATION_VIEWER_RECRUITER',NULL,NULL),(373,207,'APPLICATION_INTERVIEWER','UPDATE',0,'APPLICATION_VIEWER_RECRUITER',NULL,NULL),(374,218,'APPLICATION_INTERVIEWER','UPDATE',0,'APPLICATION_VIEWER_RECRUITER',NULL,NULL),(375,229,'APPLICATION_INTERVIEWER','UPDATE',0,'APPLICATION_VIEWER_RECRUITER',NULL,NULL),(376,240,'APPLICATION_INTERVIEWER','UPDATE',0,'APPLICATION_VIEWER_RECRUITER',NULL,NULL),(377,251,'APPLICATION_INTERVIEWER','UPDATE',0,'APPLICATION_VIEWER_RECRUITER',NULL,NULL),(378,208,'APPLICATION_INTERVIEWER','UPDATE',0,'APPLICATION_VIEWER_RECRUITER',NULL,NULL),(379,219,'APPLICATION_INTERVIEWER','UPDATE',0,'APPLICATION_VIEWER_RECRUITER',NULL,NULL),(380,230,'APPLICATION_INTERVIEWER','UPDATE',0,'APPLICATION_VIEWER_RECRUITER',NULL,NULL),(381,241,'APPLICATION_INTERVIEWER','UPDATE',0,'APPLICATION_VIEWER_RECRUITER',NULL,NULL),(382,252,'APPLICATION_INTERVIEWER','UPDATE',0,'APPLICATION_VIEWER_RECRUITER',NULL,NULL),(383,204,'APPLICATION_INTERVIEWEE','REJOIN',0,'APPLICATION_CREATOR',NULL,NULL),(384,215,'APPLICATION_INTERVIEWEE','REJOIN',0,'APPLICATION_CREATOR',NULL,NULL),(385,226,'APPLICATION_INTERVIEWEE','REJOIN',0,'APPLICATION_CREATOR',NULL,NULL),(386,237,'APPLICATION_INTERVIEWEE','REJOIN',0,'APPLICATION_CREATOR',NULL,NULL),(387,248,'APPLICATION_INTERVIEWEE','REJOIN',0,'APPLICATION_CREATOR',NULL,NULL),(388,206,'APPLICATION_INTERVIEWEE','REJOIN',0,'APPLICATION_CREATOR',NULL,NULL),(389,217,'APPLICATION_INTERVIEWEE','REJOIN',0,'APPLICATION_CREATOR',NULL,NULL),(390,228,'APPLICATION_INTERVIEWEE','REJOIN',0,'APPLICATION_CREATOR',NULL,NULL),(391,239,'APPLICATION_INTERVIEWEE','REJOIN',0,'APPLICATION_CREATOR',NULL,NULL),(392,250,'APPLICATION_INTERVIEWEE','REJOIN',0,'APPLICATION_CREATOR',NULL,NULL),(393,205,'APPLICATION_INTERVIEWEE','REJOIN',0,'APPLICATION_CREATOR',NULL,NULL),(394,216,'APPLICATION_INTERVIEWEE','REJOIN',0,'APPLICATION_CREATOR',NULL,NULL),(395,227,'APPLICATION_INTERVIEWEE','REJOIN',0,'APPLICATION_CREATOR',NULL,NULL),(396,238,'APPLICATION_INTERVIEWEE','REJOIN',0,'APPLICATION_CREATOR',NULL,NULL),(397,249,'APPLICATION_INTERVIEWEE','REJOIN',0,'APPLICATION_CREATOR',NULL,NULL),(398,204,'APPLICATION_POTENTIAL_INTERVIEWEE','REJOIN',0,'APPLICATION_CREATOR',NULL,NULL),(399,215,'APPLICATION_POTENTIAL_INTERVIEWEE','REJOIN',0,'APPLICATION_CREATOR',NULL,NULL),(400,226,'APPLICATION_POTENTIAL_INTERVIEWEE','REJOIN',0,'APPLICATION_CREATOR',NULL,NULL),(401,237,'APPLICATION_POTENTIAL_INTERVIEWEE','REJOIN',0,'APPLICATION_CREATOR',NULL,NULL),(402,248,'APPLICATION_POTENTIAL_INTERVIEWEE','REJOIN',0,'APPLICATION_CREATOR',NULL,NULL),(403,205,'APPLICATION_POTENTIAL_INTERVIEWEE','REJOIN',0,'APPLICATION_CREATOR',NULL,NULL),(404,216,'APPLICATION_POTENTIAL_INTERVIEWEE','REJOIN',0,'APPLICATION_CREATOR',NULL,NULL),(405,227,'APPLICATION_POTENTIAL_INTERVIEWEE','REJOIN',0,'APPLICATION_CREATOR',NULL,NULL),(406,238,'APPLICATION_POTENTIAL_INTERVIEWEE','REJOIN',0,'APPLICATION_CREATOR',NULL,NULL),(407,249,'APPLICATION_POTENTIAL_INTERVIEWEE','REJOIN',0,'APPLICATION_CREATOR',NULL,NULL),(408,204,'APPLICATION_POTENTIAL_INTERVIEWER','UPDATE',0,'APPLICATION_INTERVIEWER',NULL,NULL),(409,215,'APPLICATION_POTENTIAL_INTERVIEWER','UPDATE',0,'APPLICATION_INTERVIEWER',NULL,NULL),(410,226,'APPLICATION_POTENTIAL_INTERVIEWER','UPDATE',0,'APPLICATION_INTERVIEWER',NULL,NULL),(411,237,'APPLICATION_POTENTIAL_INTERVIEWER','UPDATE',0,'APPLICATION_INTERVIEWER',NULL,NULL),(412,248,'APPLICATION_POTENTIAL_INTERVIEWER','UPDATE',0,'APPLICATION_INTERVIEWER',NULL,NULL),(413,205,'APPLICATION_POTENTIAL_INTERVIEWER','UPDATE',0,'APPLICATION_INTERVIEWER',NULL,NULL),(414,216,'APPLICATION_POTENTIAL_INTERVIEWER','UPDATE',0,'APPLICATION_INTERVIEWER',NULL,NULL),(415,227,'APPLICATION_POTENTIAL_INTERVIEWER','UPDATE',0,'APPLICATION_INTERVIEWER',NULL,NULL),(416,238,'APPLICATION_POTENTIAL_INTERVIEWER','UPDATE',0,'APPLICATION_INTERVIEWER',NULL,NULL),(417,249,'APPLICATION_POTENTIAL_INTERVIEWER','UPDATE',0,'APPLICATION_INTERVIEWER',NULL,NULL),(418,202,'APPLICATION_PRIMARY_SUPERVISOR','UPDATE',0,'APPLICATION_VIEWER_RECRUITER',NULL,NULL),(419,213,'APPLICATION_PRIMARY_SUPERVISOR','UPDATE',0,'APPLICATION_VIEWER_RECRUITER',NULL,NULL),(420,224,'APPLICATION_PRIMARY_SUPERVISOR','UPDATE',0,'APPLICATION_VIEWER_RECRUITER',NULL,NULL),(421,235,'APPLICATION_PRIMARY_SUPERVISOR','UPDATE',0,'APPLICATION_VIEWER_RECRUITER',NULL,NULL),(422,246,'APPLICATION_PRIMARY_SUPERVISOR','UPDATE',0,'APPLICATION_VIEWER_RECRUITER',NULL,NULL),(423,203,'APPLICATION_PRIMARY_SUPERVISOR','UPDATE',0,'APPLICATION_VIEWER_RECRUITER',NULL,NULL),(424,214,'APPLICATION_PRIMARY_SUPERVISOR','UPDATE',0,'APPLICATION_VIEWER_RECRUITER',NULL,NULL),(425,225,'APPLICATION_PRIMARY_SUPERVISOR','UPDATE',0,'APPLICATION_VIEWER_RECRUITER',NULL,NULL),(426,236,'APPLICATION_PRIMARY_SUPERVISOR','UPDATE',0,'APPLICATION_VIEWER_RECRUITER',NULL,NULL),(427,247,'APPLICATION_PRIMARY_SUPERVISOR','UPDATE',0,'APPLICATION_VIEWER_RECRUITER',NULL,NULL),(428,202,'APPLICATION_SECONDARY_SUPERVISOR','UPDATE',0,'APPLICATION_VIEWER_RECRUITER',NULL,NULL),(429,213,'APPLICATION_SECONDARY_SUPERVISOR','UPDATE',0,'APPLICATION_VIEWER_RECRUITER',NULL,NULL),(430,224,'APPLICATION_SECONDARY_SUPERVISOR','UPDATE',0,'APPLICATION_VIEWER_RECRUITER',NULL,NULL),(431,235,'APPLICATION_SECONDARY_SUPERVISOR','UPDATE',0,'APPLICATION_VIEWER_RECRUITER',NULL,NULL),(432,246,'APPLICATION_SECONDARY_SUPERVISOR','UPDATE',0,'APPLICATION_VIEWER_RECRUITER',NULL,NULL),(433,203,'APPLICATION_SECONDARY_SUPERVISOR','UPDATE',0,'APPLICATION_VIEWER_RECRUITER',NULL,NULL),(434,214,'APPLICATION_SECONDARY_SUPERVISOR','UPDATE',0,'APPLICATION_VIEWER_RECRUITER',NULL,NULL),(435,225,'APPLICATION_SECONDARY_SUPERVISOR','UPDATE',0,'APPLICATION_VIEWER_RECRUITER',NULL,NULL),(436,236,'APPLICATION_SECONDARY_SUPERVISOR','UPDATE',0,'APPLICATION_VIEWER_RECRUITER',NULL,NULL),(437,247,'APPLICATION_SECONDARY_SUPERVISOR','UPDATE',0,'APPLICATION_VIEWER_RECRUITER',NULL,NULL),(525,273,'APPLICATION_ADMINISTRATOR','UPDATE',0,'APPLICATION_VIEWER_RECRUITER',NULL,NULL),(526,274,'APPLICATION_ADMINISTRATOR','UPDATE',0,'APPLICATION_VIEWER_RECRUITER',NULL,NULL),(527,269,'APPLICATION_ADMINISTRATOR','UPDATE',0,'APPLICATION_VIEWER_RECRUITER',NULL,NULL),(528,270,'APPLICATION_ADMINISTRATOR','UPDATE',0,'APPLICATION_VIEWER_RECRUITER',NULL,NULL),(529,265,'APPLICATION_ADMINISTRATOR','UPDATE',0,'APPLICATION_VIEWER_RECRUITER',NULL,NULL),(530,266,'APPLICATION_ADMINISTRATOR','UPDATE',0,'APPLICATION_VIEWER_RECRUITER',NULL,NULL),(531,273,'APPLICATION_ADMINISTRATOR','CREATE',0,'APPLICATION_ADMINISTRATOR',NULL,1),(532,274,'APPLICATION_ADMINISTRATOR','CREATE',0,'APPLICATION_ADMINISTRATOR',NULL,1),(533,269,'APPLICATION_ADMINISTRATOR','CREATE',0,'APPLICATION_ADMINISTRATOR',NULL,1),(534,270,'APPLICATION_ADMINISTRATOR','CREATE',0,'APPLICATION_ADMINISTRATOR',NULL,1),(535,265,'APPLICATION_ADMINISTRATOR','CREATE',0,'APPLICATION_ADMINISTRATOR',NULL,1),(536,266,'APPLICATION_ADMINISTRATOR','CREATE',0,'APPLICATION_ADMINISTRATOR',NULL,1),(537,277,'APPLICATION_ADMINISTRATOR','CREATE',0,'APPLICATION_ADMINISTRATOR',NULL,1),(538,278,'APPLICATION_ADMINISTRATOR','CREATE',0,'APPLICATION_ADMINISTRATOR',NULL,1),(539,279,'APPLICATION_ADMINISTRATOR','CREATE',0,'APPLICATION_ADMINISTRATOR',NULL,1),(540,281,'APPLICATION_ADMINISTRATOR','CREATE',0,'APPLICATION_ADMINISTRATOR',NULL,1),(541,282,'APPLICATION_ADMINISTRATOR','CREATE',0,'APPLICATION_ADMINISTRATOR',NULL,1),(542,283,'APPLICATION_ADMINISTRATOR','CREATE',0,'APPLICATION_ADMINISTRATOR',NULL,1),(543,267,'APPLICATION_ADMINISTRATOR','UPDATE',0,'APPLICATION_VIEWER_RECRUITER',NULL,NULL),(544,271,'APPLICATION_ADMINISTRATOR','UPDATE',0,'APPLICATION_VIEWER_RECRUITER',NULL,NULL),(545,275,'APPLICATION_ADMINISTRATOR','UPDATE',0,'APPLICATION_VIEWER_RECRUITER',NULL,NULL),(546,284,'APPLICATION_ADMINISTRATOR','UPDATE',0,'APPLICATION_VIEWER_RECRUITER',NULL,NULL),(547,268,'APPLICATION_ADMINISTRATOR','UPDATE',0,'APPLICATION_VIEWER_RECRUITER',NULL,NULL),(548,272,'APPLICATION_ADMINISTRATOR','UPDATE',0,'APPLICATION_VIEWER_RECRUITER',NULL,NULL),(549,276,'APPLICATION_ADMINISTRATOR','UPDATE',0,'APPLICATION_VIEWER_RECRUITER',NULL,NULL),(550,280,'APPLICATION_ADMINISTRATOR','UPDATE',0,'APPLICATION_VIEWER_RECRUITER',NULL,NULL),(556,296,'APPLICATION_REFEREE','UPDATE',1,'APPLICATION_VIEWER_REFEREE',NULL,NULL),(557,297,'APPLICATION_REFEREE','UPDATE',1,'APPLICATION_VIEWER_REFEREE',NULL,NULL),(558,298,'APPLICATION_REFEREE','UPDATE',1,'APPLICATION_VIEWER_REFEREE',NULL,NULL),(559,299,'APPLICATION_REFEREE','UPDATE',1,'APPLICATION_VIEWER_REFEREE',NULL,NULL),(560,300,'APPLICATION_REFEREE','UPDATE',1,'APPLICATION_VIEWER_REFEREE',NULL,NULL),(561,301,'APPLICATION_REFEREE','UPDATE',1,'APPLICATION_VIEWER_REFEREE',NULL,NULL),(562,302,'APPLICATION_REFEREE','UPDATE',1,'APPLICATION_VIEWER_REFEREE',NULL,NULL),(563,303,'APPLICATION_REFEREE','UPDATE',1,'APPLICATION_VIEWER_REFEREE',NULL,NULL),(564,304,'APPLICATION_REFEREE','UPDATE',1,'APPLICATION_VIEWER_REFEREE',NULL,NULL),(565,305,'APPLICATION_REFEREE','UPDATE',1,'APPLICATION_VIEWER_REFEREE',NULL,NULL),(566,306,'APPLICATION_REFEREE','UPDATE',1,'APPLICATION_VIEWER_REFEREE',NULL,NULL),(567,307,'APPLICATION_REFEREE','UPDATE',1,'APPLICATION_VIEWER_REFEREE',NULL,NULL),(568,308,'APPLICATION_REFEREE','UPDATE',1,'APPLICATION_VIEWER_REFEREE',NULL,NULL),(569,309,'APPLICATION_REFEREE','UPDATE',1,'APPLICATION_VIEWER_REFEREE',NULL,NULL),(571,311,'APPLICATION_REVIEWER','CREATE',0,'APPLICATION_REVIEWER',NULL,NULL),(572,312,'APPLICATION_REVIEWER','UPDATE',1,'APPLICATION_VIEWER_RECRUITER',NULL,NULL),(573,314,'APPLICATION_REVIEWER','UPDATE',1,'APPLICATION_VIEWER_RECRUITER',NULL,NULL),(575,316,'APPLICATION_CREATOR','BRANCH',0,'APPLICATION_POTENTIAL_INTERVIEWEE',NULL,NULL),(576,316,'APPLICATION_POTENTIAL_INTERVIEWER','CREATE',0,'APPLICATION_POTENTIAL_INTERVIEWER',1,NULL),(577,318,'APPLICATION_CREATOR','BRANCH',0,'APPLICATION_INTERVIEWEE',NULL,NULL),(578,317,'APPLICATION_INTERVIEWER','CREATE',0,'APPLICATION_INTERVIEWER',1,NULL),(579,318,'APPLICATION_INTERVIEWER','CREATE',0,'APPLICATION_INTERVIEWER',1,NULL),(582,319,'APPLICATION_POTENTIAL_INTERVIEWER','UPDATE',1,'APPLICATION_INTERVIEWER',NULL,NULL),(583,321,'APPLICATION_POTENTIAL_INTERVIEWER','UPDATE',1,'APPLICATION_INTERVIEWER',NULL,NULL),(584,319,'APPLICATION_POTENTIAL_INTERVIEWEE','REJOIN',1,'APPLICATION_CREATOR',NULL,NULL),(585,321,'APPLICATION_POTENTIAL_INTERVIEWEE','REJOIN',1,'APPLICATION_CREATOR',NULL,NULL),(589,323,'APPLICATION_ADMINISTRATOR','UPDATE',0,'APPLICATION_VIEWER_RECRUITER',NULL,NULL),(590,324,'APPLICATION_ADMINISTRATOR','UPDATE',0,'APPLICATION_VIEWER_RECRUITER',NULL,NULL),(591,323,'APPLICATION_ADMINISTRATOR','CREATE',0,'APPLICATION_ADMINISTRATOR',NULL,1),(592,324,'APPLICATION_ADMINISTRATOR','CREATE',0,'APPLICATION_ADMINISTRATOR',NULL,1),(593,327,'APPLICATION_POTENTIAL_INTERVIEWEE','UPDATE',0,'APPLICATION_INTERVIEWEE',NULL,NULL),(594,328,'APPLICATION_POTENTIAL_INTERVIEWEE','UPDATE',0,'APPLICATION_INTERVIEWEE',NULL,NULL),(595,323,'APPLICATION_INTERVIEWEE','REJOIN',0,'APPLICATION_CREATOR',NULL,NULL),(596,325,'APPLICATION_INTERVIEWEE','REJOIN',0,'APPLICATION_CREATOR',NULL,NULL),(597,324,'APPLICATION_INTERVIEWEE','REJOIN',0,'APPLICATION_CREATOR',NULL,NULL),(598,326,'APPLICATION_INTERVIEWEE','REJOIN',0,'APPLICATION_CREATOR',NULL,NULL),(599,323,'APPLICATION_POTENTIAL_INTERVIEWEE','REJOIN',0,'APPLICATION_CREATOR',NULL,NULL),(600,325,'APPLICATION_POTENTIAL_INTERVIEWEE','REJOIN',0,'APPLICATION_CREATOR',NULL,NULL),(601,324,'APPLICATION_POTENTIAL_INTERVIEWEE','REJOIN',0,'APPLICATION_CREATOR',NULL,NULL),(602,326,'APPLICATION_POTENTIAL_INTERVIEWEE','REJOIN',0,'APPLICATION_CREATOR',NULL,NULL),(603,325,'APPLICATION_POTENTIAL_INTERVIEWER','UPDATE',0,'APPLICATION_INTERVIEWER',NULL,NULL),(604,326,'APPLICATION_POTENTIAL_INTERVIEWER','UPDATE',0,'APPLICATION_INTERVIEWER',NULL,NULL),(605,327,'APPLICATION_POTENTIAL_INTERVIEWER','UPDATE',0,'APPLICATION_INTERVIEWER',NULL,NULL),(606,328,'APPLICATION_POTENTIAL_INTERVIEWER','UPDATE',0,'APPLICATION_INTERVIEWER',NULL,NULL),(607,323,'APPLICATION_INTERVIEWER','UPDATE',0,'APPLICATION_VIEWER_RECRUITER',NULL,NULL),(608,324,'APPLICATION_INTERVIEWER','UPDATE',0,'APPLICATION_VIEWER_RECRUITER',NULL,NULL),(609,323,'APPLICATION_POTENTIAL_INTERVIEWER','UPDATE',0,'APPLICATION_VIEWER_RECRUITER',NULL,NULL),(610,324,'APPLICATION_POTENTIAL_INTERVIEWER','UPDATE',0,'APPLICATION_VIEWER_RECRUITER',NULL,NULL),(620,331,'APPLICATION_INTERVIEWEE','REJOIN',0,'APPLICATION_CREATOR',NULL,NULL),(621,332,'APPLICATION_INTERVIEWER','UPDATE',1,'APPLICATION_VIEWER_RECRUITER',NULL,NULL),(622,334,'APPLICATION_INTERVIEWER','UPDATE',1,'APPLICATION_VIEWER_RECRUITER',NULL,NULL),(624,336,'APPLICATION_PRIMARY_SUPERVISOR','CREATE',0,'APPLICATION_PRIMARY_SUPERVISOR',1,1),(625,336,'APPLICATION_SECONDARY_SUPERVISOR','CREATE',0,'APPLICATION_SECONDARY_SUPERVISOR',1,1),(627,337,'APPLICATION_PRIMARY_SUPERVISOR','UPDATE',1,'APPLICATION_VIEWER_RECRUITER',NULL,NULL),(628,339,'APPLICATION_PRIMARY_SUPERVISOR','UPDATE',1,'APPLICATION_VIEWER_RECRUITER',NULL,NULL),(629,337,'APPLICATION_SECONDARY_SUPERVISOR','UPDATE',1,'APPLICATION_VIEWER_RECRUITER',NULL,NULL),(630,339,'APPLICATION_SECONDARY_SUPERVISOR','UPDATE',1,'APPLICATION_VIEWER_RECRUITER',NULL,NULL),(634,341,'APPLICATION_REFEREE','UPDATE',0,'APPLICATION_VIEWER_REFEREE',NULL,NULL),(635,342,'APPLICATION_REFEREE','UPDATE',0,'APPLICATION_VIEWER_REFEREE',NULL,NULL),(636,341,'APPLICATION_PRIMARY_SUPERVISOR','CREATE',0,'APPLICATION_PRIMARY_SUPERVISOR',1,1),(637,342,'APPLICATION_PRIMARY_SUPERVISOR','CREATE',0,'APPLICATION_PRIMARY_SUPERVISOR',1,1),(638,341,'APPLICATION_SECONDARY_SUPERVISOR','CREATE',0,'APPLICATION_SECONDARY_SUPERVISOR',1,1),(639,342,'APPLICATION_SECONDARY_SUPERVISOR','CREATE',0,'APPLICATION_SECONDARY_SUPERVISOR',1,1),(649,344,'APPLICATION_REFEREE','UPDATE',0,'APPLICATION_VIEWER_REFEREE',NULL,NULL),(650,345,'APPLICATION_REFEREE','UPDATE',0,'APPLICATION_VIEWER_REFEREE',NULL,NULL),(652,362,'PROGRAM_ADMINISTRATOR','CREATE',1,'PROGRAM_ADMINISTRATOR',1,1),(653,388,'APPLICATION_CREATOR','CREATE',1,'APPLICATION_CREATOR',1,1),(654,417,'PROJECT_ADMINISTRATOR','CREATE',1,'PROJECT_ADMINISTRATOR',1,1),(655,418,'PROJECT_ADMINISTRATOR','CREATE',1,'PROJECT_ADMINISTRATOR',1,1),(656,417,'PROJECT_PRIMARY_SUPERVISOR','CREATE',0,'PROJECT_PRIMARY_SUPERVISOR',1,1),(657,418,'PROJECT_PRIMARY_SUPERVISOR','CREATE',0,'PROJECT_PRIMARY_SUPERVISOR',1,1),(658,417,'PROJECT_ADMINISTRATOR','CREATE',0,'PROJECT_ADMINISTRATOR',NULL,1),(659,418,'PROJECT_ADMINISTRATOR','CREATE',0,'PROJECT_ADMINISTRATOR',NULL,1),(660,417,'PROJECT_SECONDARY_SUPERVISOR','CREATE',0,'PROJECT_SECONDARY_SUPERVISOR',NULL,1),(661,418,'PROJECT_SECONDARY_SUPERVISOR','CREATE',0,'PROJECT_SECONDARY_SUPERVISOR',NULL,1),(669,435,'APPLICATION_CREATOR','CREATE',1,'APPLICATION_CREATOR',1,1),(670,435,'PROJECT_PRIMARY_SUPERVISOR','BRANCH',0,'APPLICATION_SUGGESTED_SUPERVISOR',NULL,NULL),(671,435,'PROJECT_SECONDARY_SUPERVISOR','BRANCH',0,'APPLICATION_SUGGESTED_SUPERVISOR',NULL,NULL);
/*!40000 ALTER TABLE `role_transition` ENABLE KEYS */;
UNLOCK TABLES;

--
-- Dumping data for table `configuration`
--

LOCK TABLES `configuration` WRITE;
/*!40000 ALTER TABLE `configuration` DISABLE KEYS */;
INSERT INTO `configuration` (`id`, `system_id`, `institution_id`, `program_id`, `configuration_parameter`, `parameter_value`) VALUES (1,NULL,5243,NULL,'DAY_ACTION_EXPIRY_DURATION',56),(16,1,NULL,NULL,'DAY_ACTION_EXPIRY_DURATION',56),(17,NULL,NULL,1,'DAY_ACTION_EXPIRY_DURATION',56),(18,NULL,NULL,2,'DAY_ACTION_EXPIRY_DURATION',56),(19,NULL,NULL,3,'DAY_ACTION_EXPIRY_DURATION',56),(20,NULL,NULL,4,'DAY_ACTION_EXPIRY_DURATION',56),(21,NULL,NULL,5,'DAY_ACTION_EXPIRY_DURATION',56),(22,NULL,NULL,6,'DAY_ACTION_EXPIRY_DURATION',56),(23,NULL,NULL,7,'DAY_ACTION_EXPIRY_DURATION',56),(24,NULL,NULL,8,'DAY_ACTION_EXPIRY_DURATION',56),(25,NULL,NULL,9,'DAY_ACTION_EXPIRY_DURATION',56),(26,NULL,NULL,10,'DAY_ACTION_EXPIRY_DURATION',56),(27,NULL,NULL,11,'DAY_ACTION_EXPIRY_DURATION',56),(28,NULL,NULL,12,'DAY_ACTION_EXPIRY_DURATION',56),(29,NULL,NULL,13,'DAY_ACTION_EXPIRY_DURATION',56),(30,NULL,NULL,14,'DAY_ACTION_EXPIRY_DURATION',56),(31,NULL,NULL,15,'DAY_ACTION_EXPIRY_DURATION',56),(32,NULL,NULL,16,'DAY_ACTION_EXPIRY_DURATION',56),(33,NULL,NULL,17,'DAY_ACTION_EXPIRY_DURATION',56),(34,NULL,NULL,18,'DAY_ACTION_EXPIRY_DURATION',56),(35,NULL,NULL,19,'DAY_ACTION_EXPIRY_DURATION',56),(36,NULL,NULL,20,'DAY_ACTION_EXPIRY_DURATION',56),(37,NULL,NULL,22,'DAY_ACTION_EXPIRY_DURATION',56),(38,NULL,NULL,23,'DAY_ACTION_EXPIRY_DURATION',56),(39,NULL,NULL,24,'DAY_ACTION_EXPIRY_DURATION',56),(40,NULL,NULL,25,'DAY_ACTION_EXPIRY_DURATION',56),(41,NULL,NULL,26,'DAY_ACTION_EXPIRY_DURATION',56),(42,NULL,NULL,27,'DAY_ACTION_EXPIRY_DURATION',56),(43,NULL,NULL,28,'DAY_ACTION_EXPIRY_DURATION',56),(44,NULL,NULL,29,'DAY_ACTION_EXPIRY_DURATION',56),(45,NULL,NULL,30,'DAY_ACTION_EXPIRY_DURATION',56),(46,NULL,NULL,31,'DAY_ACTION_EXPIRY_DURATION',56),(47,NULL,NULL,32,'DAY_ACTION_EXPIRY_DURATION',56),(48,NULL,NULL,33,'DAY_ACTION_EXPIRY_DURATION',56),(49,NULL,NULL,34,'DAY_ACTION_EXPIRY_DURATION',56),(50,NULL,NULL,39,'DAY_ACTION_EXPIRY_DURATION',56),(51,NULL,NULL,52,'DAY_ACTION_EXPIRY_DURATION',56),(52,NULL,NULL,56,'DAY_ACTION_EXPIRY_DURATION',56),(53,NULL,NULL,57,'DAY_ACTION_EXPIRY_DURATION',56),(54,NULL,NULL,58,'DAY_ACTION_EXPIRY_DURATION',56);
/*!40000 ALTER TABLE `configuration` ENABLE KEYS */;
UNLOCK TABLES;
/*!40103 SET TIME_ZONE=@OLD_TIME_ZONE */;

/*!40101 SET SQL_MODE=@OLD_SQL_MODE */;
/*!40014 SET FOREIGN_KEY_CHECKS=@OLD_FOREIGN_KEY_CHECKS */;
/*!40014 SET UNIQUE_CHECKS=@OLD_UNIQUE_CHECKS */;
/*!40101 SET CHARACTER_SET_CLIENT=@OLD_CHARACTER_SET_CLIENT */;
/*!40101 SET CHARACTER_SET_RESULTS=@OLD_CHARACTER_SET_RESULTS */;
/*!40101 SET COLLATION_CONNECTION=@OLD_COLLATION_CONNECTION */;
/*!40111 SET SQL_NOTES=@OLD_SQL_NOTES */;

-- Dump completed on 2014-06-23 11:26:16
